id,Company,start_date,end_date,State / County / Province
1,Dominic Statham Creation Events,2018-01-24,2018-01-28,England
2,Dinosaur Roadshow-Pre Historic Preachers Central England,2017-11-22,2017-11-25,England
3,Creation Ministry Tour of North England with,2017-10-17,2017-10-22,England
4,Creation Ministry Tour of London Area with,2017-10-11,2017-10-15,England
5,Creation Minstry tour of Southern England with,2017-11-01,2017-11-05,England
6,Creation Ministry Tour of North & Central England with,2017-06-21,2017-06-25,England
7,Creation Ministry Tour of Wales,2017-09-27,2017-10-01,Wales
8,Dinosaur Roadshow-Pre-Historic Preachers Northern England,2017-11-15,2017-11-18,England
9,Dinosaur Roadshow-Pre-Historic Preachers Republic of Ireland,2017-05-15,2017-05-18,Republic of Ireland
10,Creation Ministry Tour of Scotland 2017,2017-03-28,2017-04-02,Scotland
11,Creation Minstry in Northern England with,2017-04-25,2017-04-30,England
12,African Creation speaker on UK Safari with,2017-09-05,2017-09-13,England
13,Creation Ministry Tour of South East England with,2017-06-06,2017-06-10,England
14,Creation Ministry Tour of London and South East with,2017-03-01,2017-03-05,England
15,Creation Ministry Tour of Central England with,2017-09-20,2017-09-24,England
16,Creation Ministry Tour South West England with,2016-01-13,2016-01-18,England
17,Proclaiming Creation-In a scientific Age Tour of Scotland,2015-09-24,2015-09-29,Scotland
18,Proclaiming Creation-In a scientific Age Central England Tour,2015-12-02,2015-12-06,England
19,Proclaiming Creation-In a Scientific Age London & South Tour,2015-11-11,2015-11-15,England
20,Back to the Beginning Tour Scotland & Borders (Additional dates added),2014-10-15,2014-10-19,Scotland
21,Back to the Beginning Tour of Spain & Gibraltor,2014-10-31,2014-11-07,Rest of Europe
22,"Back to the beginning Tour of East of England Norfolk, Suffolk & Cambridgeshire",2014-06-05,2014-06-08,England
23,Weekend Ministry Austria ph:0845 6800 264,2013-10-11,2013-10-13,Rest of Europe
24,Ministry In Austria,2013-10-11,2013-10-13,Rest of Europe
25,Regional Mini Tour with,2013-01-17,2013-01-20,England
26,"Unmasking Fables, Promoting Truth� Malta ministry with",2011-09-21,2011-09-25,Rest of Europe
27,Malta 'Battle for the Bible' Tour with,2011-09-21,2011-09-25,Rest of Europe
28,Battle for the Bible ministry tour of Spain with,2011-10-31,2011-11-06,Rest of Europe
29,Deluge of Evidence ministry tour with,2011-04-01,2011-04-30,Scotland
