id,Title,Recipient,Address,Address 2,City,Prv,P.Code,Country,Ctry Code,Qty,Issue Status,Subtype,Email,Donor ID,Donor Name,Subdue
"002314",""," ","Fellowship Baptist Church","15138 Prospect Ave ","White Rock","BC","V4B 2B9","Canada","CA","1","1","P","","2314"," ","3920"
"046313","","  ","Spears Family","312 Lockwood Rd. ","Regina","SK","S4S 6E2","Canada","CA","1","1","P","","44167","Marsha Spears","3920"
"002204",""," ","Ebenezer Canadian Reformed School","Box 3700, 1685 Lower Viewmount Rd. ","Smithers","BC","V0J 2N0","Canada","CA","1","1","P","","2204"," ","3920"
"049781",""," ","Timmins SDA Church","257 Cedar St N ","Timmins","ON","P4N 8R2","Canada","CA","1","1","P","cedarmooses@gmail.com","49781"," ","3920"
"002208",""," ","Highland Mennonite Brethren Church Library","4018 Centre B St NW ","Calgary","AB","T2K 0W2","Canada","CA","1","1","P","","2208"," ","3920"
"024133",""," ATTN: GR 7 Classroom Teacher","Timothy Christian School","430 East 25th Street ","Hamilton","ON","L8V 3B4","Canada","CA","1","1","P","","24133"," ATTN: GR 7 Classroom Teacher","3920"
"044852",""," Faith Academy Middle School","600 Jefferson Ave","","Winnipeg","MB","R2V 0P2","Canada","CA","1","1","P","","9384","Dave Meunier","3920"
"018325",""," Sunningdale Community Church","c/o Bill Latrace","Box 640 ","Caronport","SK","S0H 0S0","Canada","CA","1","1","P","","18325"," Sunningdale Community Church","3920"
"047211",""," Teen Challenge","Teen Challenge","Box 1000, Stn A ","Calgary","AB","T2H 3B7","Canada","CA","1","1","P","","2078","Ruth Doble","3920"
"047169",""," The King's School","851 Panet Road","","Winnipeg","MB","R2K 4C9","Canada","CA","1","1","P","","47169"," The King's School","3920"
"044869",""," Thunder Bay Christian School","37 Cooper Rd","","Rosslyn","ON","P7K 0E2","Canada","CA","1","1","P","","27875","Bonnie Grootenboer","3920"
"049666","Miss","Abigail Grove","65 Main Street","","Drayton","ON","N0G 1P0","Canada","CA","1","1","P","","34212","Laverne Good","3920"
"049809","","Adrianne Bank","811 Wilson Cres","","Saskatoon","SK","S7J 2M3","Canada","CA","1","1","P","apbank4@gmail.com","49809","Adrianne Bank","3920"
"016985","","Al Siemens","6 Birchmont Drive","","Leduc","AB","T9E 8G8","Canada","CA","1","1","B","adsiemens@telus.net","16985","Al Siemens","3920"
"047190","Mrs","Alice Langendoen","31-1128 VanSickle Road","","St Catherines","ON","L2S 3W1","Canada","CA","1","1","P","","47190","Alice Langendoen","3920"
"015105","Mr & Mrs","Allan & Ella Borzel","4414 Urquhart Cres.","","Prince George","BC","V2M 5H1","Canada","CA","1","1","P","","15105","Allan & Ella Borzel","3920"
"029061","Mr. & Mrs.","Allen & Bonita Krahn","54 Ridgemont Crescent","","Sherwood Park","AB","T8A 5N1","Canada","CA","1","1","P","bkrahn@shaw.ca","12469","Esther Unger","3920"
"049647","","Amie  Dechamplain ","PO Box 388 ","","Burns Lake","BC","V0J 1E0","Canada","CA","1","1","P","a.rensby19@hotmail.com","49647","Amie  Dechamplain ","3920"
"033782","","Anatoly Seminutin","9 Hillcrest Point","","Fort Saskatchewan","AB","T8L 0A1","Canada","CA","1","1","B","tlseminutin@gmail.com","33782","Anatoly Seminutin","3920"
"043210","","Andre-Philippe Therrien","8139 - 80 Ave.","","Edmonton","AB","T6C 0S7","Canada","CA","1","1","B","andre.philippe@me.com","43210","Andre-Philippe Therrien","3920"
"028401","","Andrew Black","947 Southridge St","","Oshawa","ON","L1H 8A4","Canada","CA","1","1","P","","28401","Andrew Black","3920"
"039933","Dr.","Andrew Chan","Dr. Andrew Y. Chan Medicine Professional Corp","227 Holmes Ave. ","Toronto","ON","M2N 4M9","Canada","CA","1","1","B","andychanmd@yahoo.com","39933","Andrew Chan","3920"
"049661","Mr","Andrew Fast","575 Wallace Ave","","Winnipeg","MB","R2E 0B1","Canada","CA","1","1","P","","49649","Waldo Fast","3920"
"015088","Mr.","Andrew Whitman","11 Watling Cres.","","Oromocto","NB","E2V 4L2","Canada","CA","1","1","P","","15088","Andrew Whitman","3920"
"049786","","Angelo Foggia","727 Old Goulais Bay Rd","","Sault Ste Marie","ON","P6A 5K8","Canada","CA","1","1","P","drums_97@yahoo.ca","49786","Angelo Foggia","3920"
"021486","","Anna Yanchus","25 Calgary St","","St John's","NL","A1A 3W1","Canada","CA","1","1","P","","21486","Anna Yanchus","3920"
"050186","Mrs.","Anne-Marie Coulombe","228 rue du Cap ","","St-Joseph-de-Beauce","QC","G0S 2V0","Canada","CA","1","1","P","amcoulome@axion.ca","50186","Anne-Marie Coulombe","3920"
"031033","","Arnie Weber","516 2nd St E","","Brooks","AB","T1R 0G5","Canada","CA","1","1","P","","31033","Arnie Weber","3920"
"014436","","Audrey & Kevin Veldman","Box 1313","","Carman","MB","R0G 0J0","Canada","CA","1","1","P","","14436","Audrey & Kevin Veldman","3920"
"005979","Mr.","Auke Bylsma","82475 London Rd. RR1","","Auburn","ON","N0M 1E0","Canada","CA","1","1","P","","5978","Sheila Vanderlaan","3920"
"032238","","Aukje DeVries","14 Hammond Street","","St. Thomas","ON","N5P 2B6","Canada","CA","1","1","B","sandadv1@gmail.com","32238","Aukje DeVries","3920"
"042712","Mr.","B. Winkel","106 Alderson Dr.","","Hamilton","ON","L9B 1G5","Canada","CA","1","1","P","","42712","B. Winkel","3920"
"042419","Ms.","Barbara McCabe","3 Davison St.","","Amherst","NS","B4H 3H3","Canada","CA","1","1","P","","42419","Barbara McCabe","3920"
"039150","Mr. & Mrs.","Ben & Elizabeth Dobie","536 Juliana Dr","","Mount Brydges","ON","N0L 1W0 ","Canada","CA","1","1","P","","39150","Ben & Elizabeth Dobie","3920"
"034524","","Ben Bronsch","7 - 1000 Cougar Creek Dr.","","Canmore","AB","T1W 1C7","Canada","CA","1","1","P","","34524","Ben Bronsch","3920"
"044870","Mr.","Ben Vanlochem","153 Middletown Road","","Hamilton","ON","L9H 5E2","Canada","CA","1","1","P","","19899","Marcel Vanlochem","3920"
"015509","Miss.","Bernice Van Hof","Unit 205 400 William Graham Dr. ","","Aurora","ON","L4G 1L7","Canada","CA","1","1","P","","15509","Bernice Van Hof","3920"
"014541","","Bert & Janet Nieuwenhuis","344441 15th Sideroad","","Amaranth","ON","L9W 2A9","Canada","CA","1","1","P","","14541","Bert & Janet Nieuwenhuis","3920"
"034763","","Bill & Pauline Hendley","Box 780","","Chetwynd","BC","V0C 1J0","Canada","CA","1","1","P","","34763","Bill & Pauline Hendley","3920"
"046944","Mr.","Bill Goetz","Box 571","","Linden","AB","T0M 1J0","Canada","CA","1","1","B","goetzb@telus.net","46944","Bill Goetz","3920"
"001951","Mr.","Bob Banks","1108 - 13th Ave","","Cold Lake North","AB","T9M 1J4","Canada","CA","1","1","P","","1951","Bob Banks","3920"
"044462","Miss","Bonnie Pereira","175 Nathan Cres","","Barrie","ON","L4N 0S6","Canada","CA","1","1","P","bpereira@scdsb.on.ca","44462","Bonnie Pereira","3920"
"049563","Mr.","Brandon Mathews","9833 Barber Drive","","Chilliwack","BC","V2P 4G8","Canada","CA","1","1","P","billy_12_2003@hotmail.com","49563","Brandon Mathews","3920"
"050163","","Brandon Orser","Suite 1101- 1666 Pendrell St","","Vancouver","BC","V6G 1S9","Canada","CA","1","1","P","","45061","Sharlet & Dale Orser","3920"
"006941","","Brandon Sweet & Family","107 Partridge Place","","Waterloo","ON","N2V 1S5","Canada","CA","1","1","P","","1573","David & Judy Roach","3920"
"040045","Mr.","Brayden Drury","Box 42","","Minburn","AB","T0B 3B0","Canada","CA","1","1","P","","24208","Stephan & Carin van Vuuren","3920"
"000430","Mrs.","Brenda Howey","189 Burnside Dr.","","Kirkland Lake","ON","P2N 1M9","Canada","CA","1","1","B","brendahowey@outlook.com","430","Brenda Howey","3920"
"036117","Mr.","Brian Curry","880-53 A Street","","South Delta","BC","V4M 3C9","Canada","CA","1","1","P","","36117","Brian Curry","3920"
"039437","Mr.","Bruce Day","13639 - 129 Ave. N.W.","","Edmonton","AB","T5L 5C5","Canada","CA","1","1","P","dayweb@telus.net","39437","Bruce Day","3920"
"016608","","Bruce Larade","2120 Lexington Place","","Courtenay","BC","V9N 9C5","Canada","CA","1","1","P","","16608","Bruce Larade","3920"
"012291","Mr. & Mrs.","Bryan & Bobbi Kydd","Box 501, 138  6th Street","","Cochrane","ON","P0L 1C0","Canada","CA","1","1","P","","12291","Bryan & Bobbi Kydd","3920"
"049810","","Calvin Bank","Box 640","","Grenfell","SK","S0G 2B0","Canada","CA","1","1","P","csb313@hotmail.com","49809","Adrianne Bank","3920"
"047182","","Cameron & Kennedy Jackson","542 Wellington St.","","Newmarket","ON","L3Y 2C6","Canada","CA","1","1","P","","44957","Dan & Michelle Sedore","3920"
"023549","","Captain Jenkins","PO Box 222","","Pasadena","NL","A0L 1K0","Canada","CA","1","1","P","","23549","Captain Jenkins","3920"
"010462","Mr","Carl O'Keefe","500- 224 Viewmount Dr.","","Ottawa","ON","K2E 0B4","Canada","CA","1","1","P","","10462","Carl O'Keefe","3920"
"003566","Ms.","Carol Clerc","784 Strand Street","","London","ON","N5Y 1T3","Canada","CA","1","1","P","","3566","Carol Clerc","3920"
"050188","","Carol Moar","Box 508 ","","Warburg ","AB","T0C 2T0","Canada","CA","1","1","B","cftimberwolf408@hotmail.com","50188","Carol Moar","3920"
"047230","Miss","Caroline Munnings","902-373 Battle Street","","Kamloops","BC","V2C 2L5","Canada","CA","1","1","P","","15468","Peter & Mary Jane Munnings","3920"
"037329","","Catherine Bauman","152 Pine Tree Harbour Rd.","","Miller Lake","ON","N0H 1Z0","Canada","CA","1","1","B","catbrybauman@amtelecom.net","37329","Catherine Bauman","3920"
"049626","Mrs","Charm  Morris","53 Rainsford Road","","Markham","ON","L3P 6K1","Canada","CA","1","1","P","","34957","John Hemingway","3920"
"005918","Mr.","Chris Fretz","3545 Rittenhouse Rd. (Box 304)","","Vineland","ON","L0R 2C0","Canada","CA","1","1","P","","5918","Chris Fretz","3920"
"000022","Mr.","Christopher & Leona Prescott","37 Shackleton Dr.","","Guelph","ON","N1E 7L3","Canada","CA","1","1","P","","22","Christopher & Leona Prescott","3920"
"034527","","Christy Hill","4037 Larry Robinson Rd","","Russell","ON","K4R 1E5","Canada","CA","1","1","P","","34527","Christy Hill","3920"
"002739","Mr.","Clarence Klassen","537 Homewood Ave","","Peterborough","ON","K9H 2N4","Canada","CA","1","1","P","","2739","Clarence Klassen","3920"
"002416","","Clayton & Joy Wierenga","3502 TWP RD 631","","County of Barrhead","AB","T0G 1R1","Canada","CA","1","1","P","","2416","Clayton & Joy Wierenga","3920"
"020385","Mr.","Colin Borshevsky","69 Charlotte St. S.","","Arnprior","ON","K7S 3B7","Canada","CA","1","1","P","","20385","Colin Borshevsky","3920"
"005335","","Coray & Jennifer Friesen","216 Floyd Court","","Warman","SK","S0K 4S1","Canada","CA","1","1","P","","5335","Coray & Jennifer Friesen","3920"
"037049","Mr.","Corwyn Unrau","Box 375","","Charlie Lake","BC","V0C 1H0","Canada","CA","1","1","P","","37049","Corwyn Unrau","3920"
"000234","","Courtney Saunders","903 - 365 Kennedy Rd. S.","","Brampton","ON","L6W 3H3","Canada","CA","1","1","P","","234","Courtney Saunders","3920"
"033310","","Cyril Williams","700 Thornloe Dr","","Thunder Bay","ON","P7C 5L5","Canada","CA","1","1","P","","33310","Cyril Williams","3920"
"007299","Mr.","Dale Hanlin","10 Shoreline Dr.","","St Catharines","ON","L2N 3V8","Canada","CA","1","1","P","","7299","Dale Hanlin","3920"
"024332","Mr. & Mrs.","Dan & Susan Barbera","56 King St N,  Box 1049","","Harriston","ON","N0G 1Z0","Canada","CA","1","1","P","","24177","David Oppertshauser","3920"
"048037","","Dan Longfather","2 Whitehorse Pl","","St Johns","NL","A1A 3A1","Canada","CA","1","1","P","","48582","David Williams","3920"
"004126","Mr.","Daniel Kraemer","14 - 192 Alpine Rd","","Kitchener","ON","N2E 2N8","Canada","CA","1","1","P","","4126","Daniel Kraemer","3920"
"000442","Attn:","Danielle  Bergen","Valley Christian Academy","Box 279 ","Osler","SK","S0K 3A0","Canada","CA","1","1","P","","442","Danielle  Bergen","3920"
"049610","Mr","Darryl  Prins","PO Box 62014 ","","Edmonton","AB","T5M 4B5","Canada","CA","1","1","P","sales@thebookseller.ca","49610","Darryl  Prins","3920"
"013770","Mr. & Mrs.","David & Catherine Killick","22 Freestone Way","","Fort McMurray","AB","T9H 5B4","Canada","CA","1","1","P","","13770","David & Catherine Killick","3920"
"016612","Mr & Mrs","David & Donna Hamm","121 - 3006 Gladwin Rd.","","Abbotsford","BC","V2T 5T5","Canada","CA","1","1","P","","16612","David & Donna Hamm","3920"
"030931","Mr. & Mrs.","David & Susan Smith","622 Rte. 870","","Belleisle Creek","NB","E5P 1G1","Canada","CA","1","1","P","","30931","David & Susan Smith","3920"
"048045","","David Batchelor","10 Mary Street West","","Huntsville","ON","P1H 1W1","Canada","CA","1","1","P","","48564","John Batchelor","3920"
"044712","Mr.","David Flynn","RR#2","","Delburne","AB","T0M 0V0","Canada","CA","1","1","B","davetflynn@gmail.com","44712","David Flynn","3920"
"024177","Mr.","David Oppertshauser","38 Hilltop Drive  RR 3  ","","Allenford","ON","N0H 1A0","Canada","CA","1","1","P","","24177","David Oppertshauser","3920"
"044848","Mr.","David Seabrooke","37 Elora Dr.","","Hamilton","ON","L9C 6T4","Canada","CA","1","1","P","","44848","David Seabrooke","3920"
"040078","Mr.","David Shunk","118 Rue Jean Talon","","Sherbrooke","QC","J1G 3B2","Canada","CA","1","1","P","","40078","David Shunk","3920"
"016391","Mr.","David Smith","1796 Blueberry Hill","","St-Lazare","QC","J7T 2J7","Canada","CA","1","1","B","david@inspecteur.ca","16391","David Smith","3920"
"050149","","David Van Dyken","41 Westview Cres","","Caledon","ON","L7E 0E2","Canada","CA","1","1","P","","2397","Curtis & Jane Van Dyken","3920"
"049635","Mr","Deker Kneeshaw","PO Box 153 ","","Sidney","MB","R0H 1L0","Canada","CA","1","1","P","","49634"," Blythe Kneeshaw","3920"
"050157","","Dennis  Frey","Clean Services Inc","65 John Street ","Drayton","ON","N0G 1P0","Canada","CA","1","1","P","dennis@cleanfield.biz","50157","Dennis  Frey","3920"
"002515","Mr.","Dennis & Maureen Bevilacqua","406 Riverview Dr.","","Thunder Bay","ON","P7C 1R6","Canada","CA","1","1","P","","2515","Dennis & Maureen Bevilacqua","3920"
"031657","Mrs.","Diane Hardwick","3310 Highway #1","","East Aylesford","NS","B0P 1C0","Canada","CA","1","1","P","","31657","Diane Hardwick","3920"
"009239","Mr.","Dick & Susan Driedger","13 - 15099 - 28 Ave.","","Surrey","BC","V4P 1P3","Canada","CA","1","1","P","","9239","Dick & Susan Driedger","3920"
"049650","","Donald  Budinsky","9944 Holly Crescent","","Windsor","ON","N8R 1Y6","Canada","CA","1","1","P","dbudinsky@hotmail.com","49650","Donald  Budinsky","3920"
"000088","Mr.","Donald & Nancy Gatten","1019 Feren Ave","","London","ON","N5W 1B9 ","Canada","CA","1","1","P","","88","Donald & Nancy Gatten","3920"
"028373","","Donald Young","90 Bella Vista Trail ","","Alliston ","ON","L9R 2E3","Canada","CA","1","1","P","","28373","Donald Young","3920"
"042572","","Donna Brown","Box 272","","Sunset Prairie","BC","V0C 2J0","Canada","CA","1","1","P","","42572","Donna Brown","3920"
"036677","Mr.","Dorin Remes","261 Warrick St.","","Coquitlam","BC","V3K 6C1","Canada","CA","1","1","B","remes@shaw.ca","36677","Dorin Remes","3920"
"045821","","Doris Leis","23 Patrick Blvd","","Elora","ON","N0B 1S0","Canada","CA","1","1","P","","45821","Doris Leis","3920"
"042581","Mrs.","Doris Moore","# 2 9500-3rd St.","","Dawson Creek","BC","V1G 4Y6","Canada","CA","1","1","P","","42581","Doris Moore","3920"
"007734","","Doug & Linda Wilton","Box 189","","Carman","MB","R0G 0J0","Canada","CA","1","1","P","","7734","Doug & Linda Wilton","3920"
"044939","Mr.","Doug Thurn","Box 1 ","","Beiseker","AB","T0M 0G0","Canada","CA","1","1","P","","44939","Doug Thurn","3920"
"044759","","Duane Wadel","Box 2094","","Creston","BC","V0B 1G0","Canada","CA","1","1","P","","44759","Duane Wadel","3920"
"047220","Ms","Dvorah Hooper","45762 Victoria Ave.","","Chilliwack","BC","V2P 2T5","Canada","CA","1","1","B","dvorahisdancing@yahoo.com","47220","Dvorah Hooper","3920"
"049670","","Edward & Beth Lelond","General Delivery","","Miniota","MB","R0M 1M0","Canada","CA","1","1","P","","45353","Faye Campbell","3920"
"047189","Mrs","Elaine Reeder","3260 - 38 Ave NW","","Edmonton","AB","T6T 1J3","Canada","CA","1","1","P","","47189","Elaine Reeder","3920"
"049587","Ms.","Ellen Brady","256 Edgehill Drive","","Barrie","ON","L4N 7W9","Canada","CA","1","1","B","ellen256@icloud.com","49587","Ellen Brady","3920"
"049668","","Elsie Dickinson","1-34 Hummingbird Lane","","Brandon","MB","R7B 3Z5","Canada","CA","1","1","P","","45353","Faye Campbell","3920"
"041568","","Emily Hooper","72 Essling Ave.","","Hamilton","ON","L9B 2E7","Canada","CA","1","1","P","","41568","Emily Hooper","3920"
"044928","Ms.","Emma Ranney","5100 Tree Court","","Burlington","ON","L7L 6K3","Canada","CA","1","1","P","","39531","Don Ranney","3920"
"042618","Mr.","Eric Donnan","49 Donnan Road, RR 2","","Stirling","ON","K0K 3E0","Canada","CA","1","1","P","","42618","Eric Donnan","3920"
"000093","","Evelien Wiersma","Gregory Drive Alliance Church Library","255 Gregory Drive West ","Chatham","ON","N7L 0E2","Canada","CA","1","1","P","","93","Evelien Wiersma","3920"
"050032","Mrs.","Fenna Bredenhof","RR4 A48517 Rge Rd 271","","Calmar","AB","T0C 0V0","Canada","CA","1","1","P","bradfenna@hotmail.com","50032","Fenna Bredenhof","3920"
"023326","Mr.","Fetze & Clara Venema","3905 Bethel Rd.  R.R. 2","","Brockville","ON","K6V 5T2","Canada","CA","1","1","P","","23326","Fetze & Clara Venema","3920"
"009601","Mr.","Francois & Joanne Leger","5067 Versailles","","Pierrefonds","QC","H8Z 2N9","Canada","CA","1","1","P","","9601","Francois & Joanne Leger","3920"
"046975","Mr.","Frank Hammond","15 Hope Ave","","Hamilton","ON","L8H 2E1","Canada","CA","1","1","P","","46975","Frank Hammond","3920"
"009328","Mr. & Mrs.","Frank Parker","11728 - 87 Street","","Edmonton","AB","T5B 3M7","Canada","CA","1","1","P","","9328","Frank Parker","3920"
"005862","Mr.","Fred Gardiner","330 - 3035 Ross Rd.","","Nanaimo","BC","V9T 5S8","Canada","CA","1","1","P","","5862","Fred Gardiner","3920"
"031059","Mr & Mrs","Gary & Lois Chipps","865 2nd Conc. Rd. Street, R.R. 3","","Delhi","ON","N4B 2W6","Canada","CA","1","1","P","","31059","Gary & Lois Chipps","3920"
"044423","Mr.","Gary Nolan","2555 Av. Du Havre-des-Iles","Appt. 214","Laval","QC","H7W 4R4","Canada","CA","1","1","P","","44423","Gary Nolan","3920"
"046812","Mr.","Gavin Marcinkowski","1419 Saint Basil Rd. North","","Lethbridge","AB","T1H 4M2","Canada","CA","1","1","P","","46812","Gavin Marcinkowski","3920"
"023270","","Gene Scholer","103 Mt Crandell Cr W","","Lethbridge","AB","T1K 6L7","Canada","CA","1","1","P","","23270","Gene Scholer","3920"
"017826","","Geoff & Rebecca Gerber","5892 8th Line  RR 1","","Ariss","ON","N0B 1B0","Canada","CA","1","1","P","","17826","Geoff & Rebecca Gerber","3920"
"007689","","George & Annette Hart","1069 Weir Rd. S., Group Box 6, R.R. 2","","Lynden","ON","L0R 1T0","Canada","CA","1","1","B","7harts@silomail.com","7689","George & Annette Hart","3920"
"031195","","George Bradley","17 Hermary St","","Red Deer","AB","T4N 6S2","Canada","CA","1","1","P","","31195","George Bradley","3920"
"034686","","Gerald Lichti","115 Community Lane","","Fort McMurray","AB","T9H 5B4","Canada","CA","1","1","P","","34686","Gerald Lichti","3920"
"044702","Mr.","Gerald McNaughton","4 - 1780 Cherryhill Rd.","","Peterborough","ON","K9K 1S7","Canada","CA","1","1","P","","44702","Gerald McNaughton","3920"
"030708","","Gerald Pauley","76 rue de Varennes N","","Boucherville","QC","J4B 4L9","Canada","CA","1","1","P","","30708","Gerald Pauley","3920"
"049652","Mr","Gerrard  Stubbe","224001 Ostrander Rd.","","RR # 7 Tillsonburg","ON","N4G 4H1","Canada","CA","1","1","P","","9178","David & Ingrid Zekveld","3920"
"018715","","Gerry & Marry van Dijk","Box 823","","Carman","MB","R0G 0J0","Canada","CA","1","1","P","","18715","Gerry & Marry van Dijk","3920"
"049548","","Gordon Dalgetty","Box 73","","Three Hills","AB","T0M 2A0","Canada","CA","1","1","P","","6263","John & Elaine Tupper","3920"
"002689","Mr.","Gordon Rachar","1224 - 87 St. S.W.","","Edmonton","AB","T6X 1C7","Canada","CA","1","1","P","","2689","Gordon Rachar","3920"
"028300","","Graham Russell","Box 309","","Clinton","ON","N0M 1L0","Canada","CA","1","1","P","","28300","Graham Russell","3920"
"002450","","Hans & Helen Zwaan","16865 - 104A Ave","","Surrey","BC","V4N 3L9","Canada","CA","1","1","P","","2450","Hans & Helen Zwaan","3920"
"002056","Mr.","Harold Morgan","Haliburton United","Box 281 ","Haliburton","ON","K0M 1S0","Canada","CA","1","1","P","","2056","Harold Morgan","3920"
"005959","Mr.","Harry Campbell","10 Argyle St.","","Bowmanville","ON","L1C 1J1","Canada","CA","1","1","P","","5959","Harry Campbell","3920"
"022194","","Harry Kroeker","Box 221","","Milner","BC","V0X 1T0","Canada","CA","1","1","P","","22194","Harry Kroeker","3920"
"049688","","Helen  Pranger","PO Box 629","","Agazziz","BC","V0M 1A0","Canada","CA","1","1","P","helenpranger@yahoo.ca","49688","Helen  Pranger","3920"
"047142","","Henry & Anne Schouten","42409 Yarrow Cent. Road","","Chilliwack","BC","V2R 5C8","Canada","CA","1","1","P","","47142","Henry & Anne Schouten","3920"
"036980","","Herb & Orenda Thiessen","16 Maplewood Blvd","","Cobourg","ON","K9A 4J3","Canada","CA","1","1","P","","36980","Herb & Orenda Thiessen","3920"
"002531","Mr.","Herman & Kathleen Vanderleest","2286  264 ST.","","Aldergrove ","BC","V4W 2N3 ","Canada","CA","1","1","P","","2531","Herman & Kathleen Vanderleest","3920"
"007113","Mr. & Mrs.","Hugh & Martha Dodd","125 Mill St.","","Stouffville","ON","L4A 1J2","Canada","CA","1","1","P","","7113","Hugh & Martha Dodd","3920"
"029178","","Ihor Ustyuzhanin","57 Spruce Ridge Drive","","Spruce Grove","AB","T7X 4M8","Canada","CA","1","1","P","","29178","Ihor Ustyuzhanin","3920"
"049731","Mr","Ilia Malyshev","86 Manor House Ct","","Winnipeg","MB","R2P 0A3","Canada","CA","1","1","B","iliajam@yandex.ru","49731","Ilia Malyshev","3920"
"014608","","Irene Brodie","47090 Greenhill Rd","","Chilliwack","BC","V2R 4T2","Canada","CA","1","1","B","irenebrodie@yahoo.ca","14608","Irene Brodie","3920"
"036573","","Ivan & Elizabeth Gascho","6993 Park St","","Millbank","ON","N0K 1L0","Canada","CA","1","1","P","","36573","Ivan & Elizabeth Gascho","3920"
"039944","Mr.","Jack Bootsma","1795 Conc. 5, R.R. #1","","Port Dover","ON","N0A 1N1","Canada","CA","1","1","P","","39944","Jack Bootsma","3920"
"014587","Mr. & Mrs.","Jack Van Vuuren","306 - 270 Hurst Drive","","Barrie","ON","L4N 0Z3","Canada","CA","1","1","P","","14587","Jack Van Vuuren","3920"
"049589","","Jackie Whiteway","313 Main Street","","Lewisporte","NL","A0G 3A0","Canada","CA","1","1","P","aajj45@hotmail.com","49589","Jackie Whiteway","3920"
"020671","","Jacob Haagsma","120 - 400 Dominion St","","Strathroy","ON","N7G 3G8","Canada","CA","1","1","P","","20671","Jacob Haagsma","3920"
"044758","Rev.","Jacob Wong","810 St. Andrews St, Suite 407","","New Westminster","BC","V3M 1V8","Canada","CA","1","1","P","","44758","Jacob Wong","3920"
"005381","Dr.","Jakob Geertsema","41 Amberley Blvd.","","Ancaster","ON","L9G 3R9","Canada","CA","1","1","P","","5381","Jakob Geertsema","3920"
"031532","","James & Lynette Dyck","Box 387","","Meadow Lake","SK","S9X 1Y3","Canada","CA","1","1","P","","21353","Leslie Hildebrand","3920"
"000249","Mr & Mrs","James & Lynn Lewis","11 Millwood Court","","Guelph","ON","N1K 1R5","Canada","CA","1","1","P","","249","James & Lynn Lewis","3920"
"005492","Mr.","James Caine","Box 606","","Stony Mountain","MB","R0C 3A0","Canada","CA","1","1","B","jkcaine@mymts.net","5492","James Caine","3920"
"011330","Mrs.","Jane Vandervliet","RR 2,  9372 Wellington Rd 124","","Erin","ON","N0B 1T0","Canada","CA","1","1","B","jane.vandervliet@yahoo.ca","11330","Jane Vandervliet","3920"
"034120","Ms.","Jeanette Saffarek","1136 Upper Viewmount Road","","Smithers","BC","V0J 2N6","Canada","CA","1","1","P","","34120","Jeanette Saffarek","3920"
"049802","","Jeanie Spratt","RR2 ","","Bluffton","AB","T0C 0M0","Canada","CA","1","1","P","","49802","Jeanie Spratt","3920"
"012076","","Jeannette Wiens","Olivet Church ","2630 Langdon St ","Abbotsford","BC","V2T 3L2","Canada","CA","1","1","P","","12076","Jeannette Wiens","3920"
"023183","Mr.","Jelle-Pier Brouwer","RR 3 Station Main","","Ponoka","AB","T4J 1R3","Canada","CA","1","1","P","","23183","Jelle-Pier Brouwer","3920"
"042651","","Jeremy Funk","Site 610 Comp. 31 RR 6","","Saskatoon","SK","S7K 3J9","Canada","CA","1","1","P","","42650","Frances Slemming","3920"
"027874","Mr.","Jerry Berube","493 E. Brock St.","","Thunder Bay","ON","P7E 4H8","Canada","CA","1","1","P","","27874","Jerry Berube","3920"
"048004","Mrs","Jill Scalzitti","195 Columbia Road","","Barrie","ON","L4N 8C9","Canada","CA","1","1","P","jillscalzitti@sympatico.ca","48004","Jill Scalzitti","3920"
"006507","Mr.","Jim Vogel","3691 Conc Rd 4","","Orono","ON","L0B 1M0","Canada","CA","1","1","P","","6507","Jim Vogel","3920"
"034417","Mr.","Joe Poppe","95 Bates Ave.","","Winnipeg","MB","R2C 5H3","Canada","CA","1","1","P","","34417","Joe Poppe","3920"
"048036","","Joel Thomas","15 Gurnett Drive","","Hamilton","ON","L9C 7K1","Canada","CA","1","1","P","","48575","David Brown","3920"
"003218","Mr.","Johannes & Joanne Baarbe","2268 Boundary Rd.","","Blackstock","ON","L0B 1B0","Canada","CA","1","1","P","","3218","Johannes & Joanne Baarbe","3920"
"005827","","John & Grace Van Bergeyk","Box 283, 6193 Townline Rd.","","Smithville","ON","L0R 2A0","Canada","CA","1","1","P","","5827","John & Grace Van Bergeyk","3920"
"027466","Mr & Mrs","John & Jody Adams","744 Baird St.","","Kincardine","ON","N2Z 1M3","Canada","CA","1","1","P","","27466","John & Jody Adams","3920"
"013562","","John & Maria Louwerse","8427 Dickenson Road","","Mt Hope","ON","L0R 1W0","Canada","CA","1","1","P","","13562","John & Maria Louwerse","3920"
"004161","","John & Sharon McCune","3516 - 112 St","","Edmonton","AB","T6J 1H9","Canada","CA","1","1","P","","4161","John & Sharon McCune","3920"
"002044","Mr.","John Bamber","20 Bradgate Rd","","Toronto","ON","M3B 1J7","Canada","CA","1","1","P","","2044","John Bamber","3920"
"042709","Mr.","John Beintema","166 San Remo Dr.","","Hamilton","ON","L9C 5T9","Canada","CA","1","1","P","","42709","John Beintema","3920"
"011534","Mr. & Mrs.","John Hoess","Box 416","","Melfort","SK","S0E 1A0","Canada","CA","1","1","P","","11534","John Hoess","3920"
"034277","","John Jefferson","Box 121","","Drayton","ON","N0G 1P0","Canada","CA","1","1","P","","34277","John Jefferson","3920"
"043421","","John MacIntosh","2018 Marion Ave PO Box 614","","Bright's Grove","ON","N0N 1C0","Canada","CA","1","1","P","jmacintosh3@cogeco.ca","43421","John MacIntosh","3920"
"023023","Mr & Mrs","John Malcolm & Edith Leggott","1041 Moyse Cres","","Nanaimo","BC","V9S 2G7","Canada","CA","1","1","P","","23023","John Malcolm & Edith Leggott","3920"
"008988","Mr. & Mrs.","John Skaling","RR 3, 6160 Highway 10","","Middleton","NS","B0S 1P0","Canada","CA","1","1","P","","8988","John Skaling","3920"
"049562","Ms","Joka van Oudenaren- Stockley","PO Box 1470","","Bobcaygeon","ON","K0M 1A0","Canada","CA","1","1","P","","49560","Henry Van Oudenaren","3920"
"002427","Dr.","Jon Walcott","18 Thompson Cr","","Erin","ON","N0B 1T0","Canada","CA","1","1","P","","2427","Jon Walcott","3920"
"049628","Mr","Jordan Noel","PO Box 563  18 Swordfish Dr.","","Shearwater","NS","B0J 3A0","Canada","CA","1","1","P","","49627","Andre Noel","3920"
"036827","","Joyce Hacault","Box 187","","Swan Lake","MB","R0G 2S0","Canada","CA","1","1","P","","36827","Joyce Hacault","3920"
"049561","Masters","Julian & Pieter Junkin","PO Box 333","","Bobcaygeon","ON","K0M 1A0","Canada","CA","1","1","P","","49560","Henry Van Oudenaren","3920"
"037223","Mr. & Mrs.","Julius & Shelley Ostergaard","S.S. 2, Site 7, Comp. 4","","Fort St. John","BC","V1J 5M7","Canada","CA","1","1","P","","37223","Julius & Shelley Ostergaard","3920"
"049261","Mr","Justin Moore","3805 Marlborough Dr NE  C-107","","Calgary","AB","T2A 5M5","Canada","CA","1","1","P","moore.jnm@gmail.com","49261","Justin Moore","3920"
"049559","Miss","Karen Castillo","62 Kingsmount Street North","","Hamilton","ON","L8S 3L3","Canada","CA","1","1","P","","16457","Sarah Farrar","3920"
"049646","Mr","Karsten Kruska","589 Ambleside Dr","","London","ON","N6G 4V5","Canada","CA","1","1","B","kktotal1@yahoo.com","33584","Werner & Pat Kruska","3920"
"004849","Rev. & Mrs","Keith & Marie Acheson","4 - 158 Cooper Road","","Victoria","BC","V9A 7B3","Canada","CA","1","1","P","","4849","Keith & Marie Acheson","3920"
"018097","Mr.","Keith Derksen","Suite #1 - 52 Fox Bay","","Thompson","MB","R8N 1G1","Canada","CA","1","1","B","derksen4@mts.net","18097","Keith Derksen","3920"
"005365","Mr.","Keith Eichel","5 - 6388 Meadows Drive","","Oliver","BC","V0H 1T4","Canada","CA","1","1","P","","5365","Keith Eichel","3920"
"017521","","Keitha Glubrecht","335 Ranch Estates Bay NW","","Calgary","AB","T3G 2A3","Canada","CA","1","1","P","","17521","Keitha Glubrecht","3920"
"014158","Mr.","Ken Dreyer","36 Kilpatrick Drive","","Scarborough","ON","M1R 2B6","Canada","CA","1","1","P","","14158","Ken Dreyer","3920"
"001810","Mr.","Ken Kerr","181W - 52310  Range Rd. 232","","Sherwood Park","AB","T8B 1C2","Canada","CA","1","1","P","","1810","Ken Kerr","3920"
"014234","Mr. & Mrs.","Ken Reinke","Box 4746","","Taber","AB","T1G 2E1","Canada","CA","1","1","P","","14234","Ken Reinke","3920"
"047088","Mr.","Ken Tiessen","201 - 560 Mornington Ave.","","London","ON","N5Y 3G2","Canada","CA","1","1","P","","47088","Ken Tiessen","3920"
"011695","","Ken Tuininga","7 Charles Rd","","Orillia","ON","L3V 3H3","Canada","CA","1","1","P","ken.tuininga@ec.gc.ca","11695","Ken Tuininga","3920"
"018069","","Ken Wickstrom","24 Mario Milanese Pl.","","Dryden","ON","P8N 3G6","Canada","CA","1","1","P","","18069","Ken Wickstrom","3920"
"020874","Mr.","Kevin Maguire","706-810 Edgeworth Ave","","Ottawa","ON","K2B 5L5","Canada","CA","1","1","P","","20874","Kevin Maguire","3920"
"050033","Pastor","Kevin Roberts","Box 721","","Big River","SK","S0J 0E0","Canada","CA","1","1","P","kkroberts@sasktel.net","50033","Kevin Roberts","3920"
"000035","Mr. & Mrs.","Klaas & Ann Stel","22 Cheval Dr.","","Grimsby","ON","L3M 4P8","Canada","CA","1","1","P","","35","Klaas & Ann Stel","3920"
"034476","","Larry & Trudy Bricker","536 Rheinland Pl","","Waterloo","ON","N2V 2M9","Canada","CA","1","1","P","","34476","Larry & Trudy Bricker","3920"
"006928","Mr.","Larry Dye","32 Hayward Crt NE","","Medicine Hat","AB","T1C 1E2","Canada","CA","1","1","P","larrydye@creationguy.com","49612","Jocelyne Dye","3920"
"017462","Mr.","Larry Westlake","1452 Skyview St","","Oshawa","ON","L1K 2N7","Canada","CA","1","1","P","","17462","Larry Westlake","3920"
"000698","Mr.","Laurence Tisdall","Creation Science Association of Quebec","650 Lamontagne ","St- Jerome","QC","J5L 2M7","Canada","CA","1","1","P","","698","Laurence Tisdall","3920"
"023359","","Lawrence King","Box 396, 301 Thomas St.","","Kemptville","ON","K0G 1J0","Canada","CA","1","1","P","","23359","Lawrence King","3920"
"028404","","Leo Heidinga","49 Clement St","","Alexandria","ON","K0C 1A0","Canada","CA","1","1","P","","28404","Leo Heidinga","3920"
"030928","","Les Doey","Faith Bible Chapel","134 Winery Ct ","London","ON","N6C 5H2","Canada","CA","1","1","P","","30928","Les Doey","3920"
"025481","Mr.","Les Wing","234 Wing Rd","","Rosslyn","ON","P7K 0L2","Canada","CA","1","1","B","wingwells@hotmail.com","25481","Les Wing","3920"
"049807","","Levi Kwade","71 Spence St","","Winnipeg","MB","R3C 1Y2","Canada","CA","1","1","P","","49047","Jake & Helen Giesbrecht","3920"
"012336","Mr.","Liam Potgieter","6 Rosenthal Way","","Spruce Grove","AB","T7Z 2S1","Canada","CA","1","1","P","","24208","Stephan & Carin van Vuuren","3920"
"039969","Mrs.","Linda Carpentier","Box 2438","","Swan River","MB","R0L 1Z0","Canada","CA","1","1","P","","39969","Linda Carpentier","3920"
"042697","Ms.","Linda Dyck","555 Mulvey Ave.","","Winnipeg","MB","R3L 0R9","Canada","CA","1","1","P","","42697","Linda Dyck","3920"
"042764","Ms.","Liz Klassen","5055 Iron Clad Road","","Grand Forks","BC","V0H 1H5","Canada","CA","1","1","P","","42764","Liz Klassen","3920"
"013869","Mr.","Lloyd Perry","18 Linda Lane","","Moncton","NB","E1E 3T9","Canada","CA","1","1","P","","13869","Lloyd Perry","3920"
"044905","Mrs.","Loreta Abramiuc","10603 90 Street","","Fort St John","BC","V1J 6N3","Canada","CA","1","1","B","loreta.abramiuc@gmail.com","44905","Loreta Abramiuc","3920"
"047342","Mrs","Lori Hay","8 Harmsworth Dr.","","Winnipeg","MB","R2V 1P2","Canada","CA","1","1","P","lorihay@mts.net","47342","Lori Hay","3920"
"049926","Mr","Loring Anderson","Apt #210 7899 17th Ave","","Burnaby","BC","V3N 1M1","Canada","CA","1","1","P","lagodschild5@gmail.com","49926","Loring Anderson","3920"
"042672","","Lorraine Borkofsky","Box 9 Grp 28 RR 1","","Dugald","MB","R0E 0K0","Canada","CA","1","1","P","","42672","Lorraine Borkofsky","3920"
"027672","","Ludwik Kolpaczyk","3148 Cockshutt Rd,  RR 1","","Wilsonville","ON","N0E 1Z0","Canada","CA","1","1","P","","27672","Ludwik Kolpaczyk","3920"
"034446","","Lyle & Karen Nygaard","207-2149 Pembina Hwy.","","Winnipeg","MB","R3T 5S9","Canada","CA","1","1","P","","34446","Lyle & Karen Nygaard","3920"
"049608","Mr","Lyndon  Brown","36123 Walter Rd.","","Abbotsford","BC","V3G 1K9","Canada","CA","1","1","P","","21695","Ian  Daniels","3920"
"049669","","Mac & Pat Lelond","Box 27","","Arrow River","MB","R0M 2H0","Canada","CA","1","1","P","","45353","Faye Campbell","3920"
"049832","","Maggie  Morand","15 Harmony Lane","","Forbes Point ","NS","B0W 2A0","Canada","CA","1","1","P","maggiemugginsns@yahoo.ca","49832","Maggie  Morand","3920"
"049557","Mr","Malachi Carter","2025 Cleaver Ave Unit 24","","Burlington ","ON","L7M 4H8","Canada","CA","1","1","P","","16457","Sarah Farrar","3920"
"027920","","Malcolm Williams","858 Glenforest St.","","Oshawa","ON","L1J 5G1","Canada","CA","1","1","P","","27920","Malcolm Williams","3920"
"033216","","Marcel Dyck","12420  96B Street","","Grande Prairie","AB","T8V 7B5","Canada","CA","1","1","P","","33216","Marcel Dyck","3920"
"034089","Mrs","Marcia Kelemen","45605 Lloyd Dr.","","Vanderhoof","BC","V0J 3A3","Canada","CA","1","1","P","","34089","Marcia Kelemen","3920"
"023848","Mrs","Maria Lau","2135 Tait Crt","","Richmond","BC","V6X 3S9","Canada","CA","1","1","P","","23848","Maria Lau","3920"
"036977","","Maria Martens","244 9th St","","Morden","MB","R6M 1M2","Canada","CA","1","1","P","","36977","Maria Martens","3920"
"049734","Mrs","Marie-Eve Cloutier","9 rue de Lausanne","","Shefford","QC","J2M 1S9","Canada","CA","1","1","P","marieevecloutier@hotmail.com","49734","Marie-Eve Cloutier","3920"
"039987","","Marilyn Puskaric","Box 1093","","Invermere","BC","V0A 1K0","Canada","CA","1","1","P","","39987","Marilyn Puskaric","3920"
"050164","","Mark Clark","14928 56th Ave, 2nd Floor","","Surrey","BC","V3S 2N5","Canada","CA","1","1","P","","45061","Sharlet & Dale Orser","3920"
"034772","","Mark Gascho","1680 Kramp Rd","","Breslau","ON","N0B 1M0","Canada","CA","1","1","P","","44839","Daniel Gascho","3920"
"009528","Mr.","Mark Hiebert","Site 220  Box 51  RR 2","","Kenora","ON","P9N 3W8","Canada","CA","1","1","P","","9528","Mark Hiebert","3920"
"015145","Mr.","Mark Hunter","50 Nunn Crescent","","Alliston","ON","L9R 0C7","Canada","CA","1","1","P","","15145","Mark Hunter","3920"
"032008","Mr. & Mrs.","Marko & Laura Peric","Box 1212","","Montague","PE","C0A 1R0","Canada","CA","1","1","P","","32008","Marko & Laura Peric","3920"
"040112","Mr. & Mrs.","Martin & Betty Taylor","Box 339","","Spiritwood","SK","S0J 2M0","Canada","CA","1","1","P","","40112","Martin & Betty Taylor","3920"
"049667","","Marvin & Margaret Elder","PO Box 359","","Oak Lake","MB","R0M 1P0","Canada","CA","1","1","P","","45353","Faye Campbell","3920"
"049738","Mrs","Mary  Ross","PO Box 73 ","","Margaree Centre","NS","BOE 1Z0","Canada","CA","1","1","P","marylarkinsross@hotmail.com","49738","Mary  Ross","3920"
"041923","","Matthew Robinson","71 Christina Cres.","","Scarborough","ON","M1R 4H7","Canada","CA","1","1","P","","49801","Shane & Katherine Robinson","3920"
"034818","","Merlin & Mirja Nichols","Box 875","","Chetwynd","BC","V0C 1J0","Canada","CA","1","1","P","","34818","Merlin & Mirja Nichols","3920"
"049633","","Micah & Rebecca Harding","PO Box 1037","","Gibsons","BC","V0N 1V0","Canada","CA","1","1","P","","8432","John & Henriette Van Dyken","3920"
"030737","","Michael & Betty Walch","U 17 - 375 Scott St E","","Strathroy","ON","N7G 4G7","Canada","CA","1","1","P","","30737","Michael & Betty Walch","3920"
"034281","","Michael & Pat De Rose","89 Andrews Drive","","Drayton","ON","N0G 1P0","Canada","CA","1","1","P","","34281","Michael & Pat De Rose","3920"
"050156","Mr","Michael Breedyk","1415 Devos Drive","","London","ON","N5X 4R7","Canada","CA","1","1","P","mistanel@gmail.com","50156","Michael Breedyk","3920"
"008040","Mr.","Michael Wagner","4524 - 37 'B' Ave NW","","Edmonton","AB","T6L 3S9","Canada","CA","1","1","P","","8040","Michael Wagner","3920"
"049648","Mrs","Michelle Carlston","35 Waverly Dr","","Brandon","MB","R7B 3X8","Canada","CA","1","1","P","","38894","Michelle Carlson","3920"
"005935","Mr.","Mike Morgan","8336 - 77th Ave NW","","Edmonton","AB","T6C 0L4","Canada","CA","1","1","P","","5935","Mike Morgan","3920"
"049198","Mrs","Mini McNamee","2147 Kedron St","","Oshawa","ON","L1L 1B8","Canada","CA","1","1","P","mjmcnamee@rogers.com","49198","Mini McNamee","3920"
"002444","Mrs.","Muriel & Alex Yeats","309 - 1485 Garnet Rd","","Victoria","BC","V8P 5T5","Canada","CA","1","1","P","","2444","Muriel & Alex Yeats","3920"
"042843","Mrs.","Murielle Marchand","36 Marquette","","Chateauguay","QC","J6J 5G9","Canada","CA","1","1","P","","42843","Murielle Marchand","3920"
"016263","Mr. & Mrs.","Murray & Irene Wideman","9266 Pike Lake Rd, RR 3","","Harriston","ON","N0G 1Z0","Canada","CA","1","1","P","","16263","Murray & Irene Wideman","3920"
"034088","Mr & Mrs","Myron Bedford","8825 Peterson Road","","Prince George","BC","V2K 5L7","Canada","CA","1","1","P","","34088","Myron Bedford","3920"
"049787","Mr & Mrs","Nate & Sara  Bosscher","11 Parklands Dr","","Hamilton","ON","L8K 4W8","Canada","CA","1","1","P","","42955","Timothy Schouten","3920"
"002529","Mr.","Neil Glass","131 John St. E.","","Bradford","ON","L3Z 1G3","Canada","CA","1","1","P","","2529","Neil Glass","3920"
"019935","","Nick & Karen Leenders","32 Blaker Place","","Whitehorse","YT","Y1A 6R9","Canada","CA","1","1","P","","19935","Nick & Karen Leenders","3920"
"027824","","Paul Mosher","990 Pine St","","Sault Ste Marie","ON","P6B 5V1","Canada","CA","1","1","P","","27824","Paul Mosher","3920"
"000251","Mr.","Philip & Cynthia Bultje","3059 Aurora Rd","","Newmarket","ON","L3Y 4W1","Canada","CA","1","1","B","cynthia@nonzailandscaping.com","251","Philip & Cynthia Bultje","3920"
"047227","Mr","Pops Stewart","14 Stone Quarry Road","","Townsend","ON","N0A 1S0","Canada","CA","1","1","P","","47226","Cassandra Stewart","3920"
"044940","Mr & Mrs","Ray & Tammy Weleschuk","Box 683","","Bentley","AB","T0C 0J0","Canada","CA","1","1","P","","44940","Ray & Tammy Weleschuk","3920"
"002194","Mr.","Raymond Kirby","6 - 73 Morton Ave.","","Brantford","ON","N3R 2N7","Canada","CA","1","1","P","","2194","Raymond Kirby","3920"
"037312","","Rejean Paquette","Box 903","","Alexandria","ON","K0C 1A0","Canada","CA","1","1","B","rpaquette8@hotmail.com","37312","Rejean Paquette","3920"
"019720","","Rene & Joyce Dieleman","23017 Dieleman Road","","Telkwa","BC","V0J 2X2","Canada","CA","1","1","P","","19720","Rene & Joyce Dieleman","3920"
"049623","Mr","Rene Frey","127, Rue Des Cimes","","Shefford ","QB","J2M1N9","Canada","CA","1","1","P","","49622","Elisabeth Frey","3920"
"047204","Miss","Renee & Jeanelle Major","132 Mississippi Road","","Carleton Place","ON","K7C 4H8","Canada","CA","1","1","P","","37246","Denis Major","3920"
"049689","","Renee Groeneveld","24087 - 61 Ave","","Langley ","BC","V2Y 1M5","Canada","CA","1","1","P","reneemg@shaw.ca","49689","Renee Groeneveld","3920"
"039264","","Richard & Abigail Poon","59 Gowland Rd.","","Markham","ON","L6B 1B8","Canada","CA","1","1","P","chakming@hotmail.com","39264","Richard & Abigail Poon","3920"
"000127","Rev.","Richard & Rosanne Frey","St Paul's Evangelical Lutheran Church","27 Mill St ","Elmira","ON","N3B 2K3","Canada","CA","1","1","B","rickfrey@pppoe.ca","127","Richard & Rosanne Frey","3920"
"011303","Rev. & Mrs","Richard & Rosemarie Klein","5 Old Bridge Rd.","","Golden Lake","ON","K0J 1X0","Canada","CA","1","1","P","","11303","Richard & Rosemarie Klein","3920"
"034048","","Richard Hughes","Saints Alive In Jesus Canada Society","488 Oceanmount Lane ","Gibsons","BC","V0N 1V8","Canada","CA","1","1","P","","34048","Richard Hughes","3920"
"000258","Mr.","Richard Packer","Venture Farm Londesborough Inc.","RR 1, 41847 Sawmill Rd. ","Londesborough","ON","N0M 2H0","Canada","CA","1","1","P","","258","Richard Packer","3920"
"033908","Mr.","Richard Robertson","73 Sherwood Dr.","","Saint John","NB","E2J 3H7","Canada","CA","1","1","P","","33908","Richard Robertson","3920"
"049637","","Riley & Taylor Erickson","9011 33 Ave NW","","Calgary","AB","T3B 1M2","Canada","CA","1","1","P","createacarrie@gmail.com","49636","Sandra Beckner","3920"
"007077","Mr. & Mrs.","Rita & Phil Buitendyk","321 Main Street","","Spruce Grove","AB","T7X 2J1","Canada","CA","1","1","P","","7077","Rita & Phil Buitendyk","3920"
"040065","Mrs.","Rob & Lenora Glasman","Box 474","","Bruderheim","AB","T0B 0S0","Canada","CA","1","1","P","","40065","Rob & Lenora Glasman","3920"
"049583","Mr & Mrs","Robert & Marlene  Bader","3311 Painter Rd ","","Victoria ","BC","V9C 2H7","Canada","CA","1","1","P","","49583","Robert & Marlene  Bader","3920"
"013560","Mr.&Mrs.","Robert & Mildred Crawford","Unit 201-1, 630 - 6th St.","","Hanover","ON","N4N 0A4","Canada","CA","1","1","P","","13560","Robert & Mildred Crawford","3920"
"033392","","Robert Bauer","1355 Queen Victoria Ave","","Mississauga","ON","L5H 3H2","Canada","CA","1","1","P","","33392","Robert Bauer","3920"
"044776","Mr.","Robert Breukelman","35222 Wells Gray Avenue","","Abbotsford","BC","V2S 5W7","Canada","CA","1","1","P","","12436","Arnold & Veronica Breukelman","3920"
"046865","Mr.","Robert Carter","10815 Victoria Rd. S.","","Summerland","BC","V0H 1Z2","Canada","CA","1","1","P","","46865","Robert Carter","3920"
"021929","","Robert Hogue","112 - 35 Reay Cres","","Winnipeg","MB","R2K 3X7","Canada","CA","1","1","P","","21929","Robert Hogue","3920"
"050181","Pastor","Robert Muir","336 Tunis St","","Ingersoll","ON","N5C 1X1","Canada","CA","1","1","P","be_nanuk@hotmail.com","50181","Robert Muir","3920"
"006256","","Rod & Brenda Wiens","Box 453","","Waldheim","SK","S0K 4R0","Canada","CA","1","1","P","","6256","Rod & Brenda Wiens","3920"
"041381","","Rostislav Davidenko","1166 Oakcrossing Rd.","","London","ON","N6H 0E9","Canada","CA","1","1","P","","41381","Rostislav Davidenko","3920"
"001517","Mr.","Roy Pajunen","501 - 97 Sidney St.","","Belleville","ON","K8P 4X9","Canada","CA","1","1","P","","1517","Roy Pajunen","3920"
"020761","Mr. & Mrs.","Russ & Emberlee Koning","229 Concession 2  R.R. 1","","Scotland","ON","N0E 1R0","Canada","CA","1","1","P","","20761","Russ & Emberlee Koning","3920"
"032757","Mrs.","Ruth Peters","100 - 505 - 3 St. SW","","Calgary","AB","T2P 3E6","Canada","CA","1","1","B","ruth@rockymountainranch.org","32757","Ruth Peters","3920"
"047147","Mr.","Ruurd Baron","507 Whittier Avenue","","Winnipeg","MB","R2C 0M9","Canada","CA","1","1","B","ruurd.baron@gmail.com","47147","Ruurd Baron","3920"
"037929","Mr. & Mrs.","S & S Theriault","4122 Du Cure-Landry","","Rawdon","QC","J0K 1S0","Canada","CA","1","1","P","","48567","Ray & Annette Eland","3920"
"046243","Ms","S. Hann","P.O. Box 277","","Gormley","ON","L0H 1G0","Canada","CA","1","1","P","","46243","S. Hann","3920"
"049570","Mrs","Sarah Eggert","16 Village Rd","","Wellesley","ON","N0B 2T0","Canada","CA","1","1","P","mseggert@hotmail.com","49570","Sarah Eggert","3920"
"037216","Mrs.","Sarah Hill","26 Applegreen Grove","","London","ON","N6J 4K3","Canada","CA","1","1","P","","37216","Sarah Hill","3920"
"038151","","Sarah Martin","1065 Kuma Crescent","","Delta","BC","V4M 2K8","Canada","CA","1","1","P","sarahagmartin@shaw.ca","38151","Sarah Martin","3920"
"015214","","Scott & Susanna Finke","Peace River Regional District","5274 Lebell Rd. ","Dawson Creek","BC","V1G 0J4 ","Canada","CA","1","1","P","","15214","Scott & Susanna Finke","3920"
"020770","Mr.","Scott Pollard","Box 144","","Waskada","MB","R0M 2E0","Canada","CA","1","1","P","","20770","Scott Pollard","3920"
"010795","Dr.","Sean Irwin","Box 14  Site 10  RR 1","","Sexsmith","AB","T0H 3C0","Canada","CA","1","1","P","","6915","Wade Shalagan","3920"
"009587","Mr.","Serge Hamel","655 Marie-Victorin","","Boucherville","QC","J4B 1X6","Canada","CA","1","1","P","","9587","Serge Hamel","3920"
"044667","Mrs.","Shari Friesen","Box 25, Grp 26, RR1","","East Selkirk","MB","R0E 0M0","Canada","CA","1","1","P","","44667","Shari Friesen","3920"
"003146","","Sharon & John Penny","494  4th Ave, SE","","Swift Current","SK","S9H 3M1","Canada","CA","1","1","P","","3146","Sharon & John Penny","3920"
"049665","Miss","Sheila Horst","15 Scenic Drive, RR#2","","Alma","ON","N0B 1A0","Canada","CA","1","1","P","","34212","Laverne Good","3920"
"049671","","Sheldon & Pat Kuipers","52 Spoonbille Cres","","Thompson","MB","R8N 1B8","Canada","CA","1","1","P","","45353","Faye Campbell","3920"
"050179","Mr.","Sheldon Harder","Box 767","","Sexsmith","AB","T0H 3C0","Canada","CA","1","1","P","hardervg@telus.net","50179","Sheldon Harder","3920"
"049552","Mrs","Shelley Potma","132 Ramona Lane","","Belmont","ON","N0L 1B0","Canada","CA","1","1","B","shelley.potma@gmail.com","49552","Shelley Potma","3920"
"041843","Mrs.","Sheri Vincent","Box 8","","Glen Ewen","SK","S0C 1C0","Canada","CA","1","1","B","cpksheri@yahoo.ca","41843","Sheri Vincent","3920"
"027524","","Sid Cole","7855 Vimy Ridge Rd, RR 4","","Cobourg","ON","K9A 4J7","Canada","CA","1","1","P","","13244","Georgena Cole","3920"
"001184","","Simon & Janice Lea","121 Routledge Dr","","Richmond Hill","ON","L4E 0C2","Canada","CA","1","1","B","janicelea@gmail.com","1184","Simon & Janice Lea","3920"
"045108","Mr.","Stan Eaton","79 Liam Dr","","Ancaster","ON","L9G 4Y1","Canada","CA","1","1","P","","45108","Stan Eaton","3920"
"049795","Mr","Stan Mercer","534 Sherbrooke St","","Peterborough","ON","K9J 2P3","Canada","CA","1","1","P","","49794","Jaclyn  Mercer","3920"
"034611","Mr.","Stephen Dahl","35355 Wells Gray Ave.","","Abbotsford","BC","V2S 5X3","Canada","CA","1","1","P","","34611","Stephen Dahl","3920"
"030940","Mr.","Steven Toering","8 Carlyle St.","","Brantford","ON","N3T 2C1","Canada","CA","1","1","P","","30940","Steven Toering","3920"
"044898","Mr.","Stewart Godfrey","PO Box 517","","Caronport","SK","S0H 0S0","Canada","CA","1","1","P","","44898","Stewart Godfrey","3920"
"049687","","Sue  Herfst","2216 Scott Rd.","","Agazziz","BC","V0M 1A2 ","Canada","CA","1","1","P","dsherfst@telus.net","49687","Sue  Herfst","3920"
"042521","","Sylvia & Jim Light","1493 Little Shuswap Lake Rd.","","Chase","BC","V0E 1M2","Canada","CA","1","1","P","","42521","Sylvia & Jim Light","3920"
"049576","Miss","Tabea Fiechter","56 A Forester St","","Gander","NL","A1V 2W8","Canada","CA","1","1","P","","49575","Linda Fiechter","3920"
"049558","","Taggart Family","70 Delavan Drive ","","Cambridge","ON","N1S 4S3","Canada","CA","1","1","P","","16457","Sarah Farrar","3920"
"049625","Mrs","Tamara  Kramer","11 Spring Meadows Lane","","Calgary","AB","T3Z 3L7","Canada","CA","1","1","P","atkramer@shaw.ca","49625","Tamara  Kramer","3920"
"009249","Mr. & Mrs.","Terry & Glenda DeVries","44 Colt Lane","","Brampton","ON","L6P 1J2","Canada","CA","1","1","P","","9249","Terry & Glenda DeVries","3920"
"040178","Mr.","Terry Goertzen","1122 Windermere Ave","","Winnipeg","MB","R3T 1A6","Canada","CA","1","1","P","","40178","Terry Goertzen","3920"
"044666","Mr.","Thomas McDonald","602 - 110 Coopers Common S.W.","","Airdrie","AB","T4B 3Y3","Canada","CA","1","1","B","tmcd@runbox.com","44666","Thomas McDonald","3920"
"049721","","Tim Bogar","#203- 191 Stanley St","","Ayr","ON","N0B 1E0","Canada","CA","1","1","P","","49721","Tim Bogar","3920"
"008374","","Tina Harke","74 Balaban Place","","Winnipeg","MB","R2C 4A4","Canada","CA","1","1","P","","8374","Tina Harke","3920"
"036735","","Tom Bartlett","7 Hillsdale Crt.","","Dundas","ON","L9H 6K1","Canada","CA","1","1","B","troglett@gmail.com","36735","Tom Bartlett","3920"
"001949","Mr. & Mrs.","Tony & Carolyn Cave","5259 50th Street","","Lacombe","AB","T4L 1H7","Canada","CA","1","1","P","","1949","Tony & Carolyn Cave","3920"
"049573","Mr.","Uduak Daniels","278 Cougarstone Circle","","Calgary","AB","T3H 4W4","Canada","CA","1","1","P","uudok@yahoo.com","49573","Uduak Daniels","3920"
"005015","","Vic Van Hattem","5396  45th Ave","","Delta","BC","V4K 1L1","Canada","CA","1","1","B","vic.vanhattem@gmail.com","5015","Vic Van Hattem","3920"
"002302","Mr.","W F Reeder","231 13 St. N.W.","","Drumheller","AB","T0J 0Y1","Canada","CA","1","1","P","","2302","W F Reeder","3920"
"049737","Mr","Wayne  Fluet","6 Claret Crt","","Ottawa","ON","K1V 9C4","Canada","CA","1","1","B","waynefluet@gmail.com","49737","Wayne  Fluet","3920"
"031313","Mr.","Wendall Phillips","230 Tice Rd, RR 1","","Ridgeville","ON","L0S 1M0","Canada","CA","1","1","P","","31313","Wendall Phillips","3920"
"015754","Rev.","Wesley Lomond","435336 - 4th Line","","Amaranth","ON","L9V 1L3","Canada","CA","1","1","P","","37128","Aymie Franks","3920"
"034189","Mr. & Mrs.","William & Cynthia Bolhuis","60 Mineville River Lane","","Mineville","NS","B2Z 1K6","Canada","CA","1","1","P","","34189","William & Cynthia Bolhuis","3920"
"005618","Mr. & Mrs.","William & Judi Gray","248 Deschner Close","","Red Deer","AB","T4R 3C2","Canada","CA","1","1","P","","5618","William & Judi Gray","3920"
"012575","Mr & Mrs","William & Wendy Worrall","33510 Holland Ave","","Abbotsford","BC","V2S 1G3","Canada","CA","1","1","P","","12575","William & Wendy Worrall","3920"
"046886","Mr.","William McFadden","9 Fleming Cres.","","Barrie","ON","L4N 5J1","Canada","CA","1","1","P","","46885","Joy McFadden","3920"
"046891","Mr.","William Scheper","410 - 625 St. David St. S.","","Fergus","ON","N1M 0A8","Canada","CA","1","1","P","","46891","William Scheper","3920"
"049572","Mr.","William Statten","2572 Muskoka Road 10","","Huntsville","ON","P1H 2J3","Canada","CA","1","1","P","bkbeyond@vianert.ca","49572","William Statten","3920"
"034490","Mr.","William Tam","105 Southcreek Trail","","Guelph","ON","N1G 5A7","Canada","CA","1","1","B","wtam@uoguelph.ca","34490","William Tam","3920"
"018339","Mr.","Wolfgang (Slim) Metz","16 Ross Heights Green","","Medicine Hat","AB","T1B 2E4","Canada","CA","1","1","P","","18339","Wolfgang (Slim) Metz","3920"
