140310008200164001299C,1,Back to the Beginning Italy/France,,,,,,Rest of Europe,,,,,,,,,UK,"March 10, 2014",,,,Company,,Wednesday 22 October-Sunday 2 November 2014,4 completed event/tour
130904007340164001299C,2,Back to the Beginning North of England,,,,,,England,,,,,,,,,UK,"September 04, 2013",,,,Company,,Thursday 6-Sunday 9 February 2014,4 completed event/tour
130909007370164001299C,3,Back to the beginning Tour London Area,,,,,,England,,,,,,,,,UK,"September 09, 2013",,,,Company,,Tuesday 29 April-Friday 2 May 2014,4 completed event/tour
130909007420164001299C,4,Back to the Beginning Tour Northern Ireland,,,,,,Northern Ireland,,,,,,,,,UK,"September 09, 2013",,,,Company,,Thursday 20-Thursday 27 November 2014,4 completed event/tour
130909007400164001299C,5,Back to the Beginning Tour of Central England,,,,,,England,,,,,,,,,UK,"September 09, 2013",,,,Company,,Thursday 9-13 October 2014,4 completed event/tour
130909007380164001299C,6,"Back to the beginning Tour of East of England Norfolk, Suffolk & Cambridgeshire",,,,,,England,,,,,,,,,UK,"September 09, 2013",,,,Company,,Thursday 5-8 June 2014,4 completed event/tour
130923007470164001299C,7,Back to the Beginning Tour of East/West Midlands,,,,,,England,,,,,,,,,UK,"September 23, 2013",,,,Company,,Thursday 9-Monday 13 october 2014,4 completed event/tour
131218007740164001299C,8,"Back to the Beginning Tour of France, Luxembourg & The Netherlands",,,,,,Rest of Europe,,,,,,,,,UK,"December 18, 2013",,,,Company,,Friday 14 -Monday 24 March 2014,4 completed event/tour
131218007750164001299C,9,Back to the beginning Tour of Romania,,,,,,Rest of Europe,,,,,,,,,UK,"December 18, 2013",,,,Company,,Tuesday 1-Monday 7 April 2014,4 completed event/tour
130909007360164001299C,10,Back to the beginning Tour of Scotland including Western Isles,,,,,,Scotland,,,,,,,,,UK,"September 09, 2013",,,,Company,,Friday 28 March-Monday 7 April 2014,4 completed event/tour
131218007760164001299C,11,Back to the Beginning Tour of Spain & Gibraltor,,,,,,Rest of Europe,,,,,,,,,UK,"December 18, 2013",,,,Company,,Friday 31 October-Friday 7 November 2014,4 completed event/tour
130904007350164001299C,12,Back to the Beginning Tour of The South West,,,,,,England,,,,,,,,,UK,"September 04, 2013",,,,Company,,Friday 28 February-Saturday 2 March 2014,4 completed event/tour
130923007460164001299C,13,Back to the Beginning Tour of The Southern Counties,,,,,,England,,,,,,,,,UK,"September 23, 2013",,,,Company,,Wednesday 18-Sunday 22 June 2014,4 completed event/tour
130909007390164001299C,14,Back to the Beginning Tour of Welsh Counties and Borders,,,,,,Wales,,,,,,,,,UK,"September 09, 2013",,,,Company,,Wednesday 24-Sunday 28 September 2014,4 completed event/tour
140416008310164001299C,15,Back to the Beginning Tour Scotland & Borders (Additional dates added),,,,,,Scotland,,,,,,,,,UK,"April 16, 2014",,,,Company,,Wednesday 15-Sunday 19 October 2014,4 completed event/tour
130909007410164001299C,16,Back to the Beginning Tour South East England,,,,,,England,,,,,,,,,UK,"September 09, 2013",,,,Company,,Thursday 13-Sunday 17 November 2014,4 completed event/tour
110516001790164001299C,17,Battle for the Bible ministry tour of Spain with,,,,,Spain,Rest of Europe,,,cschanda77@mac.com,,,,,,UK,"May 16, 2011",,,,Company,Customer,Monday 31 October-Sunday 6 November 2011,4 completed event/tour
110516000430164001299C,18,Caveman in Romania tour with,,,,,,Rest of Europe,,,,,,,,,UK,"December 23, 2009",,,,Company,,Wednesday 12-Saturday 22 May 2010,4 completed event/tour
120203004050164001299C,19,Caveman in the Land of Darwin UK tour with,,,,,,England,,,,,,,,,UK,"February 03, 2012",,,,Company,,Friday 30 April-Friday 7 May 2010,4 completed event/tour
110516000420164001299C,20,Caveman in The Netherlands tour with,,,,,,Rest of Europe,,,,,,,,,UK,"December 23, 2009",,,,Company,,Saturday 8-Sunday 9 May 2010,4 completed event/tour
150821010350164001299C,21,Christianity for Skeptics Tour with,,,,,,England,,,,,,,,,UK,"August 21, 2015",,,,Company,,Friday 9-Sunday 18 September 2016,4 completed event/tour
131212007650164001299C,22,Creation Magazine Live Tour,,,,,,England,,,,,,,,,UK,"December 12, 2013",,,,Company,,Saturday 10 - Monday 19 May 2014,4 completed event/tour
110520002210164001299C,23,"Creation Matters North-West, Ph: 01228 592825",,,,,,England,,,,,,,,,UK,"May 20, 2011",,,,Company,Customer,Friday 24 June 2016,4 completed event/tour
110516001780164001299C,24,"Creation Matters North-West, Ph: 01228 592825, Grace Evangelical Church",,,,,,England,,,,,,,,,UK,"May 16, 2011",,,,Company,Customer,Friday 21 & Saturday 22 October 2011,4 completed event/tour
160913011530164001299C,25,"Creation Ministry in Somerset, Dorset and Devon",,,,,,England,,,,,,,,,UK,"September 13, 2016",,,,Company,,Wednesday 1 - Sunday 5 February 2017,4 completed event/tour
150828010400164001299C,26,Creation Ministry Tour East of England with,,,,,,England,,,,,,,,,,"August 28, 2015",,,,Company,,Thursday 4-Sunday 7 February 2016,4 completed event/tour
150625010260164001299C,27,Creation Ministry Tour in Rome with,,,,,,England,,,,,,,,,UK,"June 25, 2015",,,,Company,,Friday 28 October 2016,4 completed event/tour
150922010560164001299C,28,Creation Ministry Tour Northern England with,,,,,,England,,,,,,,,,UK,"September 22, 2015",,,,Company,,Thursday 6-Sunday 10 October 2016,4 completed event/tour
160922011610164001299C,29,Creation Ministry Tour Northern England with,,,,,,England,,,,,,,,,,"September 22, 2016",,,,Company,,Wednesday 18- Sunday 22 October 2017,4 completed event/tour
150922010490164001299C,30,Creation Ministry Tour of London and South East with,,,,,,England,,,,,,,,,UK,"September 22, 2015",,,,Company,,Wednesday 1- Sunday 5 March,4 completed event/tour
150922010480164001299C,31,Creation Ministry Tour of NW England and Wales,,,,,,England,,,,,,,,,UK,"September 22, 2015",,,,Company,,Wednesday 6-Sunday 10 April 2016,4 completed event/tour
150922010540164001299C,32,Creation Ministry Tour of Scotland/Cumbria with,,,,,,Scotland,,,,,,,,,UK,"September 22, 2015",,,,Company,,Monday 21-Sunday 29 November 2016,4 completed event/tour
150922010520164001299C,33,Creation Ministry Tour of Southern England with,,,,,,England,,,,,,,,,UK,"September 22, 2015",,,,Company,,Sunday 4 - Wednesday 7 December 2016,4 completed event/tour
150922010500164001299C,34,Creation Ministry Tour of Southern Ireland with,,,,,,Republic of Ireland,,,,,,,,,,"September 22, 2015",,,,Company,,Thursday 19-Thursday 26 May 2016,4 completed event/tour
150910010430164001299C,35,Creation Ministry Tour of Wales with,,,,,,Wales,,,,,,,,,UK,"September 10, 2015",,,,Company,,Wednesday 18 - Sunday 22 January 2017,4 completed event/tour
150828010380164001299C,36,Creation Ministry Tour South West England with,,,,,,England,,,,,,,,,,"August 28, 2015",,,,Company,,Wednesday 13-Monday 18 January 2016,4 completed event/tour
150922010530164001299C,37,Creation Ministry Tour Southern Counties with,,,,,,England,,,,,,,,,UK,"September 22, 2015",,,,Company,,Thursday 1-Sunday 4 September 2016,4 completed event/tour
150922010550164001299C,38,Creation Ministry Tour Wales & Borders,,,,,,Wales,,,,,,,,,UK,"September 22, 2015",,,,Company,,Wednesday 9-Sunday 13 November 2016,4 completed event/tour
160729011390164001299C,39,Creation Minstry in Northern England with,,,,,,England,,,,,,,,,,"July 29, 2016",,,,Company,,Tuesday 25 - Sunday 30 April 2017,4 completed event/tour
120203004750164001299C,40,Creation Not Confusion ministry tour with,,,,,,England,,,,,,,,,UK,"February 03, 2012",,,,Company,,"Saturday 14 May-Wednesday 18 May, 2011",4 completed event/tour
161031011720164001299C,41,Dinosaur Roadshow-Pre Historic Preacher Southern England,,,,,,England,,,,,,,,,UK,"October 31, 2016",,,,Company,,Monday 13-Saturday 18 March 2017,4 completed event/tour
161031011730164001299C,42,Dinosaur Roadshow-Pre-Historic Preachers Northern Ireland,,,,,,Northern Ireland,,,,,,,,,UK,"October 31, 2016",,,,Company,,Tuesday 9-Saturday 13 May 2017,4 completed event/tour
110516000410164001299C,43,Evolution: Good Science? tour in Bulgaria with,,,,,,Rest of Europe,,,,,,,,,UK,"May 16, 2011",,,,Company,,Monday 28 March-Saturday 2 April 2011,4 completed event/tour
120203004170164001299C,44,Evolution: Good Science? tour in Bulgaria with,,,,,,Rest of Europe,,,,,,,,,UK,"February 03, 2012",,,,Company,,Monday 28 March-Saturday 2 April 2011,4 completed event/tour
140520008550164001299C,45,Evolution's Achilles Heels  Tour with,,,,,,England,,,,,,,,,UK,"May 20, 2014",,,,Company,,Friday 11-Sunday 20 September 2015,4 completed event/tour
130723007210164001299C,46,Ministry in Malta,,,,,,Rest of Europe,,,,,,,,,UK,"July 23, 2013",,,,Company,,Thursday 14-Sunday 24 November 2013,4 completed event/tour
110516000660164001299C,47,"Northern Ireland 'Good Science' tour, Ph: 0845 6800 264, with",,,,,,Northern Ireland,,,,,,,,,UK,"May 16, 2011",,,,Company,,Wednesday 24-Sunday 28 November 2010,4 completed event/tour
120203004350164001299C,48,"Northern Ireland 'Good Science' tour, Ph: 0845 6800 264, with",,,,,,Northern Ireland,,,,,,,,,UK,"February 03, 2012",,,,Company,,Wednesday 24-Sunday 28 November 2010,4 completed event/tour
160421011160164001299C,49,Proclaiming Creation in Italy,,,,,,Rest of Europe,,,,,,,,,UK,"April 21, 2016",,,,Company,,Thursday 20 October 2016-Tuesday 1 November 2016,4 completed event/tour
150610010160164001299C,50,Proclaiming Creation Ministry Tour of Malta,,,,,,Rest of Europe,,,,,,,,,UK,"June 10, 2015",,,,Company,,Friday 16-Sunday 25 October 2015,4 completed event/tour
140508008410164001299C,51,Proclaiming Creation-In a Scientific Age South of England Tour,,,,,,England,,,,,,,,,UK,"May 08, 2014",,,,Company,,Wednesday 11-Sunday 15 February 2015,4 completed event/tour
140521008590164001299C,52,Proclaiming Creation-In a Scientific Age Tour East of England,,,,,,England,,,,,,,,,UK,"May 21, 2014",,,,Company,,Friday 27  February-Wednesday 4 March 2015,4 completed event/tour
141224009410164001299C,53,Proclaiming Creation-In a Scientific Age Tour Northern Ireland,,,,,,Northern Ireland,,,,,,,,,UK,"December 24, 2014",,,,Company,,Tuesday 3 November-Saturday 6 November 2015,4 completed event/tour
140520008570164001299C,54,Proclaiming Creation-In a Scientific Age Tour of London Area,,,,,,England,,,,,,,,,UK,"May 20, 2014",,,,Company,,Friday 23 -Sunday 25 January 2015,4 completed event/tour
141208009380164001299C,55,Proclaiming Creation-In a Scientific Age Tour of North of England,,,,,,England,,,,,,,,,UK,"December 08, 2014",,,,Company,,Thursday 26-Sunday 29 November 2015,4 completed event/tour
140619008780164001299C,56,Proclaiming Creation-In a Scientific Age Tour of Southern England,,,,,,England,,,,,,,,,UK,"June 19, 2014",,,,Company,,Wednesday 3-Saturday 6 June 2015,4 completed event/tour
140613008750164001299C,57,Proclaiming Creation-In a Scientific Age Tour of Surrey and Essex Area,,,,,,England,,,,,,,,,UK,"June 13, 2014",,,,Company,,Thursday 2-Sunday 5 July 2015,4 completed event/tour
140603008720164001299C,58,Proclaiming Creation-In a Scientific Age Tour of the North of England,,,,,,England,,,,,,,,,UK,"June 03, 2014",,,,Company,,Wednesday 22 - Sunday 26 April 2015,4 completed event/tour
141208009370164001299C,59,Proclaiming Creation-In a Scientific Age Tour of Wales & Borders,,,,,,Wales,,,,,,,,,UK,"December 08, 2014",,,,Company,,Wednesday 24-Sunday 28 June 2015,4 completed event/tour
140716008970164001299C,60,Proclaiming Creation-In a Scientific Age Tour Republic of Ireland & N/Ireland,,,,,,Northern Ireland,,,,,,,,,UK,"July 16, 2014",,,,Company,,Wednesday 13-Sunday 20 May 2015,4 completed event/tour
141120009310164001299C,61,Proclaiming Creation-In a Scientific Age Tour South East England,,,,,,England,,,,,,,,,,"November 20, 2014",,,,Company,,Friday 9-Tuesday 13 October 2015,4 completed event/tour
140523008640164001299C,62,Proclaiming Creation-In a Scientific Age Tour South West of England,,,,,,England,,,,,,,,,UK,"May 23, 2014",,,,Company,,Thursday 26-Saturday 28 March 2015,4 completed event/tour
150109009420164001299C,63,Proclaiming Creation-In a Sientific Age Tour of Switzerland and France,,,,,,Rest of Europe,,,,,,,,,UK,"January 09, 2015",,,,Company,,Sunday 8 -Monday 16 March 2015,4 completed event/tour
120719005800164001299C,64,Regional Mini Tour with,,,,,,England,,,,,,0845 6800 264,,,UK,"July 19, 2012",,,,Company,,Thursday 21-Sunday 24 March 2013,4 completed event/tour
110516001260164001299C,65,Science & the BibleeBattle for the Mind tour with,,,,,,Scotland,,,,,,,,,UK,"May 16, 2011",,,,Company,,Tuesday 1 March-Monday 7 March 2011,4 completed event/tour
110516001320164001299C,66,Science & the BibleeBattle for the Mind tour with,,,,,Cyprus,Rest of Europe,,,,,,,,,UK,"May 16, 2011",,,,Company,,Friday 11 February-Tuesday 15 February 2011,4 completed event/tour
120203004680164001299C,67,Science & the BibleeBattle for the Mind tour with,,,,,,Scotland,,,,,,,,,UK,"February 03, 2012",,,,Company,,Tuesday 1 March-Monday 7 March 2011,4 completed event/tour
120203004740164001299C,68,Science & the BibleeBattle for the Mind tour with,,,,,Cyprus,Rest of Europe,,,,,,,,,UK,"February 03, 2012",,,,Company,,Friday 11 February-Tuesday 15 February 2011,4 completed event/tour
110617002590164001299C,69,Spain 'Battle for the Bible' Tour with,,,,,Spain,Rest of Europe,,,,,,,,,UK,"June 17, 2011",,,,Company,,Tuesday 1-Monday 7 November 2011,4 completed event/tour
110516000440164001299C,70,Speaking Tour of The Netherlands  www.scheppingofevolutie.nl/  with,,,,,,Rest of Europe,,,,,,,,,UK,"May 16, 2011",,,,Company,,Friday 4-Wednesday 9 June 2010,4 completed event/tour
120203004180164001299C,71,Speaking Tour of The Netherlands  www.scheppingofevolutie.nl/  with,,,,,,Rest of Europe,,,,,,,,,UK,"February 03, 2012",,,,Company,,Friday 4-Wednesday 9 June 2010,4 completed event/tour
120203004780164001299C,72,The 'Ark Man' tour,,,,,,England,,,,,,,,,UK,"February 03, 2012",,,,Company,,Saturday 16 April-Thursday 28 April 2016,4 completed event/tour
160201010880164001299C,73,The 'Ark Man' Tour,,,,,,England,,,,,,,,,UK,"February 01, 2016",,,,Company,,Sunday 18 June-Thursday 30 June 2016,4 completed event/tour
121116006230164001299C,74,The Credibility of Creation Ministry Tour with,,,,,,England,,,,,,0-845-680-0264,,,UK,"November 16, 2012",,,,Company,,Thursday 18-Sunday 28 April 2013,4 completed event/tour
160428011180164001299C,75,African Creation speaker on UK Safari with,,,,,,England,,,,,,,,,UK,"April 28, 2016",,,,Company,,Tuesday 5-Wednesday 13 September 2017,9 Dates Available
150922010460164001299C,76,Creation Ministry Tour of Central England with,,,,,,England,,,,,,,,,UK,"September 22, 2015",,,,Company,,Wednesday 20-Sunday 24 September 2017,9 Dates Available
170131251539191610003C,77,Creation Ministry Tour of London Area with,,,,,,,,Karen Johnson,,Co-ordination,Ministry,,,,,"January 31, 2017",,,,Company,,Wednesday 11-Sunday 15 October 2017,9 Dates Available
170125251443108680001C,78,Creation Ministry Tour of North & Central England with,,,,,,England,,,,,,,,,UK,"January 25, 2017",,,,Company,,Wednesday 21-Sunday 25 June 2017,9 Dates Available
170202251030242450001C,79,Creation Ministry Tour of North England with,,,,,,,,,,,,0116 2848999,,,,"February 02, 2017",,,,Company,,Tuesday 17-Sunday 22 october 2017,9 Dates Available
160831011500164001299C,80,Creation Ministry Tour of Scotland 2017,,,,,,Scotland,,,,,,,,,UK,"August 31, 2016",,,,Company,,Tuesday 28 March Sunday 2 April 2017,9 Dates Available
150922010510164001299C,81,Creation Ministry Tour of South East England with,,,,,,England,,,,,,,,,UK,"September 22, 2015",,,,Company,,Tuesday 6 -Sunday 10 June 2017,9 Dates Available
161103011800164001299C,82,Creation Ministry Tour of Wales,,,,,,Wales,,,,,,,,,UK,"November 03, 2016",,,,Company,,Wednesday 27 September - Sunday 1 October 2017,9 Dates Available
170126251052216980012C,83,Creation Minstry tour of Southern England with,,,,,,England,,,,,,,,,UK,"January 26, 2017",,,,Company,,Wednesday 1 -Sunday 5 November 2017,9 Dates Available
170412250959487190001C,84,Dinosaur Roadshow-Pre Historic Preachers Central England,,,,,,,,,,,,,,,,"April 12, 2017",,,,Company,,Wednesday 22 - Saturday 25 November 2017,9 Dates Available
161031011750164001299C,85,Dinosaur Roadshow-Pre-Historic Preachers Northern England,,,,,,England,,,,,,,,,UK,"October 31, 2016",,,,Company,,Wednesday 15- Saturday 18 November 2017,9 Dates Available
161031011740164001299C,86,Dinosaur Roadshow-Pre-Historic Preachers Republic of Ireland,,,,,,Republic of Ireland,,,,,,,,,UK,"October 31, 2016",,,,Company,,Monday 15-Thursday 18 May 2017,9 Dates Available
170523251623252570001C,87,Dominic Statham Creation Events,,,,,,,,,,,,0116 2848999,,,,"May 23, 2017",,,,Company,,Wednesday 24 - Sunday 28 January 2018,9 Dates Available
110621002670164001299C,88,Malta 'Battle for the Bible' Tour with,,,,,,Rest of Europe,,,,,,,,,UK,"June 21, 2011",,,,Company,,Wednesday 21-Sunday 25 September 2011,9 Dates Available
130624007070164001299C,89,Ministry In Austria,,,,,,Rest of Europe,,,,,,,,,UK,"June 24, 2013",,,,Company,,Friday 11-Monday 13 October 2013,9 Dates Available
141031009270164001299C,90,Proclaiming Creation-In a scientific Age Central England Tour,,,,,,England,,,,,,,,,,"October 31, 2014",,,,Company,,Wednesday 2-Sunday 6 December 2015,9 Dates Available
141020009230164001299C,91,Proclaiming Creation-In a Scientific Age London & South Tour,,,,,,England,,,,,,,,,UK,"October 20, 2014",,,,Company,,Wednesday 11-Sunday 15 November 2015,9 Dates Available
150130009640164001299C,92,Proclaiming Creation-In a scientific Age Tour of Scotland,,,,,,Scotland,,,,,,,,,UK,"January 30, 2015",,,,Company,,Thursday 24-Tuesday 29 September 2015,9 Dates Available
120203005110164001299C,93,"Unmasking Fables, Promoting Truth� Malta ministry with",,,,,Malta,Rest of Europe,,,,,,,,,UK,"February 03, 2012",,,,Company,,Wednesday 21-Sunday 25 September 2011,9 Dates Available
,,,,,,,,,,,,,,,,,,,,,,,,,
,,,,,,,,,,,,,,,,,,,,,,,,,
,,,,,,,,,,,,,,,,,,,,,,,,,
,,,,,,,,,,,,,,,,,,,,,,,,,
,,,,,,,,,,,,,,,,,,,,,,,,,
,,,,,,,,,,,,,,,,,,,,,,,,,
,,,,,,,,,,,,,,,,,,,,,,,,,
,,,,,,,,,,,,,,,,,,,,,,,,,
,,,,,,,,,,,,,,,,,,,,,,,,,
,,,,,,,,,,,,,,,,,,,,,,,,,
,,,,,,,,,,,,,,,,,,,,,,,,,
,,,,,,,,,,,,,,,,,,,,,,,,,
,,,,,,,,,,,,,,,,,,,,,,,,,
,,,,,,,,,,,,,,,,,,,,,,,,,
,,,,,,,,,,,,,,,,,,,,,,,,,
,,,,,,,,,,,,,,,,,,,,,,,,,
,,,,,,,,,,,,,,,,,,,,,,,,,
,,,,,,,,,,,,,,,,,,,,,,,,,
,,,,,,,,,,,,,,,,,,,,,,,,,
,,,,,,,,,,,,,,,,,,,,,,,,,
,,,,,,,,,,,,,,,,,,,,,,,,,
,,,,,,,,,,,,,,,,,,,,,,,,,
,,,,,,,,,,,,,,,,,,,,,,,,,
,,,,,,,,,,,,,,,,,,,,,,,,,
,,,,,,,,,,,,,,,,,,,,,,,,,
,,,,,,,,,,,,,,,,,,,,,,,,,
,,,,,,,,,,,,,,,,,,,,,,,,,
,,,,,,,,,,,,,,,,,,,,,,,,,
,,,,,,,,,,,,,,,,,,,,,,,,,
,,,,,,,,,,,,,,,,,,,,,,,,,
,,,,,,,,,,,,,,,,,,,,,,,,,
,,,,,,,,,,,,,,,,,,,,,,,,,
,,,,,,,,,,,,,,,,,,,,,,,,,
,,,,,,,,,,,,,,,,,,,,,,,,,
,,,,,,,,,,,,,,,,,,,,,,,,,
,,,,,,,,,,,,,,,,,,,,,,,,,
,,,,,,,,,,,,,,,,,,,,,,,,,
,,,,,,,,,,,,,,,,,,,,,,,,,
,,,,,,,,,,,,,,,,,,,,,,,,,
,,,,,,,,,,,,,,,,,,,,,,,,,
,,,,,,,,,,,,,,,,,,,,,,,,,
,,,,,,,,,,,,,,,,,,,,,,,,,
,,,,,,,,,,,,,,,,,,,,,,,,,
,,,,,,,,,,,,,,,,,,,,,,,,,
,,,,,,,,,,,,,,,,,,,,,,,,,
,,,,,,,,,,,,,,,,,,,,,,,,,
,,,,,,,,,,,,,,,,,,,,,,,,,
,,,,,,,,,,,,,,,,,,,,,,,,,
,,,,,,,,,,,,,,,,,,,,,,,,,
,,,,,,,,,,,,,,,,,,,,,,,,,
,,,,,,,,,,,,,,,,,,,,,,,,,
,,,,,,,,,,,,,,,,,,,,,,,,,
,,,,,,,,,,,,,,,,,,,,,,,,,
,,,,,,,,,,,,,,,,,,,,,,,,,
,,,,,,,,,,,,,,,,,,,,,,,,,
,,,,,,,,,,,,,,,,,,,,,,,,,
,,,,,,,,,,,,,,,,,,,,,,,,,
,,,,,,,,,,,,,,,,,,,,,,,,,
,,,,,,,,,,,,,,,,,,,,,,,,,
,,,,,,,,,,,,,,,,,,,,,,,,,
,,,,,,,,,,,,,,,,,,,,,,,,,
,,,,,,,,,,,,,,,,,,,,,,,,,
,,,,,,,,,,,,,,,,,,,,,,,,,
,,,,,,,,,,,,,,,,,,,,,,,,,
,,,,,,,,,,,,,,,,,,,,,,,,,
,,,,,,,,,,,,,,,,,,,,,,,,,
,,,,,,,,,,,,,,,,,,,,,,,,,
,,,,,,,,,,,,,,,,,,,,,,,,,
,,,,,,,,,,,,,,,,,,,,,,,,,
,,,,,,,,,,,,,,,,,,,,,,,,,
,,,,,,,,,,,,,,,,,,,,,,,,,
,,,,,,,,,,,,,,,,,,,,,,,,,
,,,,,,,,,,,,,,,,,,,,,,,,,
,,,,,,,,,,,,,,,,,,,,,,,,,
,,,,,,,,,,,,,,,,,,,,,,,,,
,,,,,,,,,,,,,,,,,,,,,,,,,
,,,,,,,,,,,,,,,,,,,,,,,,,
,,,,,,,,,,,,,,,,,,,,,,,,,
,,,,,,,,,,,,,,,,,,,,,,,,,
,,,,,,,,,,,,,,,,,,,,,,,,,
,,,,,,,,,,,,,,,,,,,,,,,,,
,,,,,,,,,,,,,,,,,,,,,,,,,
,,,,,,,,,,,,,,,,,,,,,,,,,
,,,,,,,,,,,,,,,,,,,,,,,,,
,,,,,,,,,,,,,,,,,,,,,,,,,
,,,,,,,,,,,,,,,,,,,,,,,,,
,,,,,,,,,,,,,,,,,,,,,,,,,
,,,,,,,,,,,,,,,,,,,,,,,,,
,,,,,,,,,,,,,,,,,,,,,,,,,
,,,,,,,,,,,,,,,,,,,,,,,,,
,,,,,,,,,,,,,,,,,,,,,,,,,
,,,,,,,,,,,,,,,,,,,,,,,,,
,,,,,,,,,,,,,,,,,,,,,,,,,
,,,,,,,,,,,,,,,,,,,,,,,,,
,,,,,,,,,,,,,,,,,,,,,,,,,
,,,,,,,,,,,,,,,,,,,,,,,,,
,,,,,,,,,,,,,,,,,,,,,,,,,
,,,,,,,,,,,,,,,,,,,,,,,,,
,,,,,,,,,,,,,,,,,,,,,,,,,
,,,,,,,,,,,,,,,,,,,,,,,,,
,,,,,,,,,,,,,,,,,,,,,,,,,
,,,,,,,,,,,,,,,,,,,,,,,,,
,,,,,,,,,,,,,,,,,,,,,,,,,
,,,,,,,,,,,,,,,,,,,,,,,,,
,,,,,,,,,,,,,,,,,,,,,,,,,
,,,,,,,,,,,,,,,,,,,,,,,,,
,,,,,,,,,,,,,,,,,,,,,,,,,
,,,,,,,,,,,,,,,,,,,,,,,,,
,,,,,,,,,,,,,,,,,,,,,,,,,
,,,,,,,,,,,,,,,,,,,,,,,,,
,,,,,,,,,,,,,,,,,,,,,,,,,
,,,,,,,,,,,,,,,,,,,,,,,,,
,,,,,,,,,,,,,,,,,,,,,,,,,
,,,,,,,,,,,,,,,,,,,,,,,,,
,,,,,,,,,,,,,,,,,,,,,,,,,
,,,,,,,,,,,,,,,,,,,,,,,,,
,,,,,,,,,,,,,,,,,,,,,,,,,
,,,,,,,,,,,,,,,,,,,,,,,,,
,,,,,,,,,,,,,,,,,,,,,,,,,
,,,,,,,,,,,,,,,,,,,,,,,,,
,,,,,,,,,,,,,,,,,,,,,,,,,
,,,,,,,,,,,,,,,,,,,,,,,,,
,,,,,,,,,,,,,,,,,,,,,,,,,
,,,,,,,,,,,,,,,,,,,,,,,,,
,,,,,,,,,,,,,,,,,,,,,,,,,
,,,,,,,,,,,,,,,,,,,,,,,,,
,,,,,,,,,,,,,,,,,,,,,,,,,
,,,,,,,,,,,,,,,,,,,,,,,,,
,,,,,,,,,,,,,,,,,,,,,,,,,
,,,,,,,,,,,,,,,,,,,,,,,,,
,,,,,,,,,,,,,,,,,,,,,,,,,
,,,,,,,,,,,,,,,,,,,,,,,,,
,,,,,,,,,,,,,,,,,,,,,,,,,
,,,,,,,,,,,,,,,,,,,,,,,,,
,,,,,,,,,,,,,,,,,,,,,,,,,
,,,,,,,,,,,,,,,,,,,,,,,,,
,,,,,,,,,,,,,,,,,,,,,,,,,
,,,,,,,,,,,,,,,,,,,,,,,,,
,,,,,,,,,,,,,,,,,,,,,,,,,
,,,,,,,,,,,,,,,,,,,,,,,,,
,,,,,,,,,,,,,,,,,,,,,,,,,
,,,,,,,,,,,,,,,,,,,,,,,,,
,,,,,,,,,,,,,,,,,,,,,,,,,
,,,,,,,,,,,,,,,,,,,,,,,,,
,,,,,,,,,,,,,,,,,,,,,,,,,
,,,,,,,,,,,,,,,,,,,,,,,,,
,,,,,,,,,,,,,,,,,,,,,,,,,
,,,,,,,,,,,,,,,,,,,,,,,,,
,,,,,,,,,,,,,,,,,,,,,,,,,
,,,,,,,,,,,,,,,,,,,,,,,,,
,,,,,,,,,,,,,,,,,,,,,,,,,
,,,,,,,,,,,,,,,,,,,,,,,,,
,,,,,,,,,,,,,,,,,,,,,,,,,
,,,,,,,,,,,,,,,,,,,,,,,,,
,,,,,,,,,,,,,,,,,,,,,,,,,
,,,,,,,,,,,,,,,,,,,,,,,,,
,,,,,,,,,,,,,,,,,,,,,,,,,
,,,,,,,,,,,,,,,,,,,,,,,,,
,,,,,,,,,,,,,,,,,,,,,,,,,
,,,,,,,,,,,,,,,,,,,,,,,,,
,,,,,,,,,,,,,,,,,,,,,,,,,
,,,,,,,,,,,,,,,,,,,,,,,,,
,,,,,,,,,,,,,,,,,,,,,,,,,
,,,,,,,,,,,,,,,,,,,,,,,,,
,,,,,,,,,,,,,,,,,,,,,,,,,
,,,,,,,,,,,,,,,,,,,,,,,,,
,,,,,,,,,,,,,,,,,,,,,,,,,
,,,,,,,,,,,,,,,,,,,,,,,,,
,,,,,,,,,,,,,,,,,,,,,,,,,
,,,,,,,,,,,,,,,,,,,,,,,,,
,,,,,,,,,,,,,,,,,,,,,,,,,
,,,,,,,,,,,,,,,,,,,,,,,,,
,,,,,,,,,,,,,,,,,,,,,,,,,
,,,,,,,,,,,,,,,,,,,,,,,,,
,,,,,,,,,,,,,,,,,,,,,,,,,
,,,,,,,,,,,,,,,,,,,,,,,,,
,,,,,,,,,,,,,,,,,,,,,,,,,
,,,,,,,,,,,,,,,,,,,,,,,,,
,,,,,,,,,,,,,,,,,,,,,,,,,
,,,,,,,,,,,,,,,,,,,,,,,,,
,,,,,,,,,,,,,,,,,,,,,,,,,
,,,,,,,,,,,,,,,,,,,,,,,,,
,,,,,,,,,,,,,,,,,,,,,,,,,
,,,,,,,,,,,,,,,,,,,,,,,,,
,,,,,,,,,,,,,,,,,,,,,,,,,
,,,,,,,,,,,,,,,,,,,,,,,,,
,,,,,,,,,,,,,,,,,,,,,,,,,
,,,,,,,,,,,,,,,,,,,,,,,,,
,,,,,,,,,,,,,,,,,,,,,,,,,
,,,,,,,,,,,,,,,,,,,,,,,,,
,,,,,,,,,,,,,,,,,,,,,,,,,
,,,,,,,,,,,,,,,,,,,,,,,,,
,,,,,,,,,,,,,,,,,,,,,,,,,
,,,,,,,,,,,,,,,,,,,,,,,,,
,,,,,,,,,,,,,,,,,,,,,,,,,
,,,,,,,,,,,,,,,,,,,,,,,,,
,,,,,,,,,,,,,,,,,,,,,,,,,
,,,,,,,,,,,,,,,,,,,,,,,,,
,,,,,,,,,,,,,,,,,,,,,,,,,
,,,,,,,,,,,,,,,,,,,,,,,,,
,,,,,,,,,,,,,,,,,,,,,,,,,
,,,,,,,,,,,,,,,,,,,,,,,,,
,,,,,,,,,,,,,,,,,,,,,,,,,
,,,,,,,,,,,,,,,,,,,,,,,,,
,,,,,,,,,,,,,,,,,,,,,,,,,
,,,,,,,,,,,,,,,,,,,,,,,,,
,,,,,,,,,,,,,,,,,,,,,,,,,
,,,,,,,,,,,,,,,,,,,,,,,,,
,,,,,,,,,,,,,,,,,,,,,,,,,
,,,,,,,,,,,,,,,,,,,,,,,,,
,,,,,,,,,,,,,,,,,,,,,,,,,
,,,,,,,,,,,,,,,,,,,,,,,,,
,,,,,,,,,,,,,,,,,,,,,,,,,
,,,,,,,,,,,,,,,,,,,,,,,,,
,,,,,,,,,,,,,,,,,,,,,,,,,
,,,,,,,,,,,,,,,,,,,,,,,,,
,,,,,,,,,,,,,,,,,,,,,,,,,
,,,,,,,,,,,,,,,,,,,,,,,,,
,,,,,,,,,,,,,,,,,,,,,,,,,
,,,,,,,,,,,,,,,,,,,,,,,,,
,,,,,,,,,,,,,,,,,,,,,,,,,
,,,,,,,,,,,,,,,,,,,,,,,,,
,,,,,,,,,,,,,,,,,,,,,,,,,
,,,,,,,,,,,,,,,,,,,,,,,,,
,,,,,,,,,,,,,,,,,,,,,,,,,
,,,,,,,,,,,,,,,,,,,,,,,,,
,,,,,,,,,,,,,,,,,,,,,,,,,
,,,,,,,,,,,,,,,,,,,,,,,,,
,,,,,,,,,,,,,,,,,,,,,,,,,
,,,,,,,,,,,,,,,,,,,,,,,,,
,,,,,,,,,,,,,,,,,,,,,,,,,
,,,,,,,,,,,,,,,,,,,,,,,,,
,,,,,,,,,,,,,,,,,,,,,,,,,
,,,,,,,,,,,,,,,,,,,,,,,,,
,,,,,,,,,,,,,,,,,,,,,,,,,
,,,,,,,,,,,,,,,,,,,,,,,,,
,,,,,,,,,,,,,,,,,,,,,,,,,
,,,,,,,,,,,,,,,,,,,,,,,,,
,,,,,,,,,,,,,,,,,,,,,,,,,
,,,,,,,,,,,,,,,,,,,,,,,,,
,,,,,,,,,,,,,,,,,,,,,,,,,
,,,,,,,,,,,,,,,,,,,,,,,,,
,,,,,,,,,,,,,,,,,,,,,,,,,
,,,,,,,,,,,,,,,,,,,,,,,,,
,,,,,,,,,,,,,,,,,,,,,,,,,
,,,,,,,,,,,,,,,,,,,,,,,,,
,,,,,,,,,,,,,,,,,,,,,,,,,
,,,,,,,,,,,,,,,,,,,,,,,,,
,,,,,,,,,,,,,,,,,,,,,,,,,
,,,,,,,,,,,,,,,,,,,,,,,,,
,,,,,,,,,,,,,,,,,,,,,,,,,
,,,,,,,,,,,,,,,,,,,,,,,,,
,,,,,,,,,,,,,,,,,,,,,,,,,
,,,,,,,,,,,,,,,,,,,,,,,,,
,,,,,,,,,,,,,,,,,,,,,,,,,
,,,,,,,,,,,,,,,,,,,,,,,,,
,,,,,,,,,,,,,,,,,,,,,,,,,
,,,,,,,,,,,,,,,,,,,,,,,,,
,,,,,,,,,,,,,,,,,,,,,,,,,
,,,,,,,,,,,,,,,,,,,,,,,,,
,,,,,,,,,,,,,,,,,,,,,,,,,
,,,,,,,,,,,,,,,,,,,,,,,,,
,,,,,,,,,,,,,,,,,,,,,,,,,
,,,,,,,,,,,,,,,,,,,,,,,,,
,,,,,,,,,,,,,,,,,,,,,,,,,
,,,,,,,,,,,,,,,,,,,,,,,,,
,,,,,,,,,,,,,,,,,,,,,,,,,
,,,,,,,,,,,,,,,,,,,,,,,,,
,,,,,,,,,,,,,,,,,,,,,,,,,
,,,,,,,,,,,,,,,,,,,,,,,,,
,,,,,,,,,,,,,,,,,,,,,,,,,
,,,,,,,,,,,,,,,,,,,,,,,,,
,,,,,,,,,,,,,,,,,,,,,,,,,
,,,,,,,,,,,,,,,,,,,,,,,,,
,,,,,,,,,,,,,,,,,,,,,,,,,
,,,,,,,,,,,,,,,,,,,,,,,,,
,,,,,,,,,,,,,,,,,,,,,,,,,
,,,,,,,,,,,,,,,,,,,,,,,,,
,,,,,,,,,,,,,,,,,,,,,,,,,
,,,,,,,,,,,,,,,,,,,,,,,,,
,,,,,,,,,,,,,,,,,,,,,,,,,
,,,,,,,,,,,,,,,,,,,,,,,,,
,,,,,,,,,,,,,,,,,,,,,,,,,
,,,,,,,,,,,,,,,,,,,,,,,,,
,,,,,,,,,,,,,,,,,,,,,,,,,
,,,,,,,,,,,,,,,,,,,,,,,,,
,,,,,,,,,,,,,,,,,,,,,,,,,
,,,,,,,,,,,,,,,,,,,,,,,,,
,,,,,,,,,,,,,,,,,,,,,,,,,
,,,,,,,,,,,,,,,,,,,,,,,,,
,,,,,,,,,,,,,,,,,,,,,,,,,
,,,,,,,,,,,,,,,,,,,,,,,,,
,,,,,,,,,,,,,,,,,,,,,,,,,
,,,,,,,,,,,,,,,,,,,,,,,,,
,,,,,,,,,,,,,,,,,,,,,,,,,
,,,,,,,,,,,,,,,,,,,,,,,,,
,,,,,,,,,,,,,,,,,,,,,,,,,
,,,,,,,,,,,,,,,,,,,,,,,,,
,,,,,,,,,,,,,,,,,,,,,,,,,
,,,,,,,,,,,,,,,,,,,,,,,,,
,,,,,,,,,,,,,,,,,,,,,,,,,
,,,,,,,,,,,,,,,,,,,,,,,,,
,,,,,,,,,,,,,,,,,,,,,,,,,
,,,,,,,,,,,,,,,,,,,,,,,,,
,,,,,,,,,,,,,,,,,,,,,,,,,
,,,,,,,,,,,,,,,,,,,,,,,,,
,,,,,,,,,,,,,,,,,,,,,,,,,
,,,,,,,,,,,,,,,,,,,,,,,,,
,,,,,,,,,,,,,,,,,,,,,,,,,
,,,,,,,,,,,,,,,,,,,,,,,,,
,,,,,,,,,,,,,,,,,,,,,,,,,
,,,,,,,,,,,,,,,,,,,,,,,,,
,,,,,,,,,,,,,,,,,,,,,,,,,
,,,,,,,,,,,,,,,,,,,,,,,,,
,,,,,,,,,,,,,,,,,,,,,,,,,
,,,,,,,,,,,,,,,,,,,,,,,,,
,,,,,,,,,,,,,,,,,,,,,,,,,
,,,,,,,,,,,,,,,,,,,,,,,,,
,,,,,,,,,,,,,,,,,,,,,,,,,
,,,,,,,,,,,,,,,,,,,,,,,,,
,,,,,,,,,,,,,,,,,,,,,,,,,
,,,,,,,,,,,,,,,,,,,,,,,,,
,,,,,,,,,,,,,,,,,,,,,,,,,
,,,,,,,,,,,,,,,,,,,,,,,,,
,,,,,,,,,,,,,,,,,,,,,,,,,
,,,,,,,,,,,,,,,,,,,,,,,,,
,,,,,,,,,,,,,,,,,,,,,,,,,
,,,,,,,,,,,,,,,,,,,,,,,,,
,,,,,,,,,,,,,,,,,,,,,,,,,
,,,,,,,,,,,,,,,,,,,,,,,,,
,,,,,,,,,,,,,,,,,,,,,,,,,
,,,,,,,,,,,,,,,,,,,,,,,,,
,,,,,,,,,,,,,,,,,,,,,,,,,
,,,,,,,,,,,,,,,,,,,,,,,,,
,,,,,,,,,,,,,,,,,,,,,,,,,
,,,,,,,,,,,,,,,,,,,,,,,,,
,,,,,,,,,,,,,,,,,,,,,,,,,
,,,,,,,,,,,,,,,,,,,,,,,,,
,,,,,,,,,,,,,,,,,,,,,,,,,
,,,,,,,,,,,,,,,,,,,,,,,,,
,,,,,,,,,,,,,,,,,,,,,,,,,
,,,,,,,,,,,,,,,,,,,,,,,,,
,,,,,,,,,,,,,,,,,,,,,,,,,
,,,,,,,,,,,,,,,,,,,,,,,,,
,,,,,,,,,,,,,,,,,,,,,,,,,
,,,,,,,,,,,,,,,,,,,,,,,,,
,,,,,,,,,,,,,,,,,,,,,,,,,
,,,,,,,,,,,,,,,,,,,,,,,,,
,,,,,,,,,,,,,,,,,,,,,,,,,
,,,,,,,,,,,,,,,,,,,,,,,,,
,,,,,,,,,,,,,,,,,,,,,,,,,
,,,,,,,,,,,,,,,,,,,,,,,,,
,,,,,,,,,,,,,,,,,,,,,,,,,
,,,,,,,,,,,,,,,,,,,,,,,,,
,,,,,,,,,,,,,,,,,,,,,,,,,
,,,,,,,,,,,,,,,,,,,,,,,,,
,,,,,,,,,,,,,,,,,,,,,,,,,
,,,,,,,,,,,,,,,,,,,,,,,,,
,,,,,,,,,,,,,,,,,,,,,,,,,
,,,,,,,,,,,,,,,,,,,,,,,,,
,,,,,,,,,,,,,,,,,,,,,,,,,
,,,,,,,,,,,,,,,,,,,,,,,,,
,,,,,,,,,,,,,,,,,,,,,,,,,
,,,,,,,,,,,,,,,,,,,,,,,,,
,,,,,,,,,,,,,,,,,,,,,,,,,
,,,,,,,,,,,,,,,,,,,,,,,,,
,,,,,,,,,,,,,,,,,,,,,,,,,
,,,,,,,,,,,,,,,,,,,,,,,,,
,,,,,,,,,,,,,,,,,,,,,,,,,
,,,,,,,,,,,,,,,,,,,,,,,,,
,,,,,,,,,,,,,,,,,,,,,,,,,
,,,,,,,,,,,,,,,,,,,,,,,,,
,,,,,,,,,,,,,,,,,,,,,,,,,
,,,,,,,,,,,,,,,,,,,,,,,,,
,,,,,,,,,,,,,,,,,,,,,,,,,
,,,,,,,,,,,,,,,,,,,,,,,,,
,,,,,,,,,,,,,,,,,,,,,,,,,
,,,,,,,,,,,,,,,,,,,,,,,,,
,,,,,,,,,,,,,,,,,,,,,,,,,
,,,,,,,,,,,,,,,,,,,,,,,,,
,,,,,,,,,,,,,,,,,,,,,,,,,
,,,,,,,,,,,,,,,,,,,,,,,,,
,,,,,,,,,,,,,,,,,,,,,,,,,
,,,,,,,,,,,,,,,,,,,,,,,,,
,,,,,,,,,,,,,,,,,,,,,,,,,
,,,,,,,,,,,,,,,,,,,,,,,,,
,,,,,,,,,,,,,,,,,,,,,,,,,
,,,,,,,,,,,,,,,,,,,,,,,,,
,,,,,,,,,,,,,,,,,,,,,,,,,
,,,,,,,,,,,,,,,,,,,,,,,,,
,,,,,,,,,,,,,,,,,,,,,,,,,
,,,,,,,,,,,,,,,,,,,,,,,,,
,,,,,,,,,,,,,,,,,,,,,,,,,
,,,,,,,,,,,,,,,,,,,,,,,,,
,,,,,,,,,,,,,,,,,,,,,,,,,
,,,,,,,,,,,,,,,,,,,,,,,,,
,,,,,,,,,,,,,,,,,,,,,,,,,
,,,,,,,,,,,,,,,,,,,,,,,,,
,,,,,,,,,,,,,,,,,,,,,,,,,
,,,,,,,,,,,,,,,,,,,,,,,,,
,,,,,,,,,,,,,,,,,,,,,,,,,
,,,,,,,,,,,,,,,,,,,,,,,,,
,,,,,,,,,,,,,,,,,,,,,,,,,
,,,,,,,,,,,,,,,,,,,,,,,,,
,,,,,,,,,,,,,,,,,,,,,,,,,
,,,,,,,,,,,,,,,,,,,,,,,,,
,,,,,,,,,,,,,,,,,,,,,,,,,
,,,,,,,,,,,,,,,,,,,,,,,,,
,,,,,,,,,,,,,,,,,,,,,,,,,
,,,,,,,,,,,,,,,,,,,,,,,,,
,,,,,,,,,,,,,,,,,,,,,,,,,
,,,,,,,,,,,,,,,,,,,,,,,,,
,,,,,,,,,,,,,,,,,,,,,,,,,
,,,,,,,,,,,,,,,,,,,,,,,,,
,,,,,,,,,,,,,,,,,,,,,,,,,
,,,,,,,,,,,,,,,,,,,,,,,,,
,,,,,,,,,,,,,,,,,,,,,,,,,
,,,,,,,,,,,,,,,,,,,,,,,,,
,,,,,,,,,,,,,,,,,,,,,,,,,
,,,,,,,,,,,,,,,,,,,,,,,,,
,,,,,,,,,,,,,,,,,,,,,,,,,
,,,,,,,,,,,,,,,,,,,,,,,,,
,,,,,,,,,,,,,,,,,,,,,,,,,
,,,,,,,,,,,,,,,,,,,,,,,,,
,,,,,,,,,,,,,,,,,,,,,,,,,
,,,,,,,,,,,,,,,,,,,,,,,,,
,,,,,,,,,,,,,,,,,,,,,,,,,
,,,,,,,,,,,,,,,,,,,,,,,,,
,,,,,,,,,,,,,,,,,,,,,,,,,
,,,,,,,,,,,,,,,,,,,,,,,,,
,,,,,,,,,,,,,,,,,,,,,,,,,
,,,,,,,,,,,,,,,,,,,,,,,,,
,,,,,,,,,,,,,,,,,,,,,,,,,
,,,,,,,,,,,,,,,,,,,,,,,,,
,,,,,,,,,,,,,,,,,,,,,,,,,
,,,,,,,,,,,,,,,,,,,,,,,,,
,,,,,,,,,,,,,,,,,,,,,,,,,
,,,,,,,,,,,,,,,,,,,,,,,,,
,,,,,,,,,,,,,,,,,,,,,,,,,
,,,,,,,,,,,,,,,,,,,,,,,,,
,,,,,,,,,,,,,,,,,,,,,,,,,
,,,,,,,,,,,,,,,,,,,,,,,,,
,,,,,,,,,,,,,,,,,,,,,,,,,
,,,,,,,,,,,,,,,,,,,,,,,,,
,,,,,,,,,,,,,,,,,,,,,,,,,
,,,,,,,,,,,,,,,,,,,,,,,,,
,,,,,,,,,,,,,,,,,,,,,,,,,
,,,,,,,,,,,,,,,,,,,,,,,,,
,,,,,,,,,,,,,,,,,,,,,,,,,
,,,,,,,,,,,,,,,,,,,,,,,,,
,,,,,,,,,,,,,,,,,,,,,,,,,
,,,,,,,,,,,,,,,,,,,,,,,,,
,,,,,,,,,,,,,,,,,,,,,,,,,
,,,,,,,,,,,,,,,,,,,,,,,,,
,,,,,,,,,,,,,,,,,,,,,,,,,
,,,,,,,,,,,,,,,,,,,,,,,,,
,,,,,,,,,,,,,,,,,,,,,,,,,
,,,,,,,,,,,,,,,,,,,,,,,,,
,,,,,,,,,,,,,,,,,,,,,,,,,
,,,,,,,,,,,,,,,,,,,,,,,,,
,,,,,,,,,,,,,,,,,,,,,,,,,
,,,,,,,,,,,,,,,,,,,,,,,,,
,,,,,,,,,,,,,,,,,,,,,,,,,
,,,,,,,,,,,,,,,,,,,,,,,,,
,,,,,,,,,,,,,,,,,,,,,,,,,
,,,,,,,,,,,,,,,,,,,,,,,,,
,,,,,,,,,,,,,,,,,,,,,,,,,
,,,,,,,,,,,,,,,,,,,,,,,,,
,,,,,,,,,,,,,,,,,,,,,,,,,
,,,,,,,,,,,,,,,,,,,,,,,,,
,,,,,,,,,,,,,,,,,,,,,,,,,
,,,,,,,,,,,,,,,,,,,,,,,,,
,,,,,,,,,,,,,,,,,,,,,,,,,
,,,,,,,,,,,,,,,,,,,,,,,,,
,,,,,,,,,,,,,,,,,,,,,,,,,
,,,,,,,,,,,,,,,,,,,,,,,,,
,,,,,,,,,,,,,,,,,,,,,,,,,
,,,,,,,,,,,,,,,,,,,,,,,,,
,,,,,,,,,,,,,,,,,,,,,,,,,
,,,,,,,,,,,,,,,,,,,,,,,,,
,,,,,,,,,,,,,,,,,,,,,,,,,
,,,,,,,,,,,,,,,,,,,,,,,,,
,,,,,,,,,,,,,,,,,,,,,,,,,
,,,,,,,,,,,,,,,,,,,,,,,,,
,,,,,,,,,,,,,,,,,,,,,,,,,
,,,,,,,,,,,,,,,,,,,,,,,,,
,,,,,,,,,,,,,,,,,,,,,,,,,
,,,,,,,,,,,,,,,,,,,,,,,,,
,,,,,,,,,,,,,,,,,,,,,,,,,
,,,,,,,,,,,,,,,,,,,,,,,,,
,,,,,,,,,,,,,,,,,,,,,,,,,
,,,,,,,,,,,,,,,,,,,,,,,,,
,,,,,,,,,,,,,,,,,,,,,,,,,
,,,,,,,,,,,,,,,,,,,,,,,,,
,,,,,,,,,,,,,,,,,,,,,,,,,
,,,,,,,,,,,,,,,,,,,,,,,,,
,,,,,,,,,,,,,,,,,,,,,,,,,
,,,,,,,,,,,,,,,,,,,,,,,,,
,,,,,,,,,,,,,,,,,,,,,,,,,
,,,,,,,,,,,,,,,,,,,,,,,,,
,,,,,,,,,,,,,,,,,,,,,,,,,
,,,,,,,,,,,,,,,,,,,,,,,,,
,,,,,,,,,,,,,,,,,,,,,,,,,
,,,,,,,,,,,,,,,,,,,,,,,,,
,,,,,,,,,,,,,,,,,,,,,,,,,
,,,,,,,,,,,,,,,,,,,,,,,,,
,,,,,,,,,,,,,,,,,,,,,,,,,
,,,,,,,,,,,,,,,,,,,,,,,,,
,,,,,,,,,,,,,,,,,,,,,,,,,
,,,,,,,,,,,,,,,,,,,,,,,,,
,,,,,,,,,,,,,,,,,,,,,,,,,
,,,,,,,,,,,,,,,,,,,,,,,,,
,,,,,,,,,,,,,,,,,,,,,,,,,
,,,,,,,,,,,,,,,,,,,,,,,,,
,,,,,,,,,,,,,,,,,,,,,,,,,
,,,,,,,,,,,,,,,,,,,,,,,,,
,,,,,,,,,,,,,,,,,,,,,,,,,
,,,,,,,,,,,,,,,,,,,,,,,,,
,,,,,,,,,,,,,,,,,,,,,,,,,
,,,,,,,,,,,,,,,,,,,,,,,,,
,,,,,,,,,,,,,,,,,,,,,,,,,
,,,,,,,,,,,,,,,,,,,,,,,,,
,,,,,,,,,,,,,,,,,,,,,,,,,
,,,,,,,,,,,,,,,,,,,,,,,,,
,,,,,,,,,,,,,,,,,,,,,,,,,
,,,,,,,,,,,,,,,,,,,,,,,,,
,,,,,,,,,,,,,,,,,,,,,,,,,
,,,,,,,,,,,,,,,,,,,,,,,,,
,,,,,,,,,,,,,,,,,,,,,,,,,
,,,,,,,,,,,,,,,,,,,,,,,,,
,,,,,,,,,,,,,,,,,,,,,,,,,
,,,,,,,,,,,,,,,,,,,,,,,,,
,,,,,,,,,,,,,,,,,,,,,,,,,
,,,,,,,,,,,,,,,,,,,,,,,,,
,,,,,,,,,,,,,,,,,,,,,,,,,
,,,,,,,,,,,,,,,,,,,,,,,,,
,,,,,,,,,,,,,,,,,,,,,,,,,
,,,,,,,,,,,,,,,,,,,,,,,,,
,,,,,,,,,,,,,,,,,,,,,,,,,
,,,,,,,,,,,,,,,,,,,,,,,,,
,,,,,,,,,,,,,,,,,,,,,,,,,
,,,,,,,,,,,,,,,,,,,,,,,,,
,,,,,,,,,,,,,,,,,,,,,,,,,
,,,,,,,,,,,,,,,,,,,,,,,,,
,,,,,,,,,,,,,,,,,,,,,,,,,
,,,,,,,,,,,,,,,,,,,,,,,,,
,,,,,,,,,,,,,,,,,,,,,,,,,
,,,,,,,,,,,,,,,,,,,,,,,,,
,,,,,,,,,,,,,,,,,,,,,,,,,
,,,,,,,,,,,,,,,,,,,,,,,,,
,,,,,,,,,,,,,,,,,,,,,,,,,
,,,,,,,,,,,,,,,,,,,,,,,,,
,,,,,,,,,,,,,,,,,,,,,,,,,
,,,,,,,,,,,,,,,,,,,,,,,,,
,,,,,,,,,,,,,,,,,,,,,,,,,
,,,,,,,,,,,,,,,,,,,,,,,,,
,,,,,,,,,,,,,,,,,,,,,,,,,
,,,,,,,,,,,,,,,,,,,,,,,,,
,,,,,,,,,,,,,,,,,,,,,,,,,
,,,,,,,,,,,,,,,,,,,,,,,,,
,,,,,,,,,,,,,,,,,,,,,,,,,
,,,,,,,,,,,,,,,,,,,,,,,,,
,,,,,,,,,,,,,,,,,,,,,,,,,
,,,,,,,,,,,,,,,,,,,,,,,,,
,,,,,,,,,,,,,,,,,,,,,,,,,
,,,,,,,,,,,,,,,,,,,,,,,,,
,,,,,,,,,,,,,,,,,,,,,,,,,
,,,,,,,,,,,,,,,,,,,,,,,,,
,,,,,,,,,,,,,,,,,,,,,,,,,
,,,,,,,,,,,,,,,,,,,,,,,,,
,,,,,,,,,,,,,,,,,,,,,,,,,
,,,,,,,,,,,,,,,,,,,,,,,,,
,,,,,,,,,,,,,,,,,,,,,,,,,
,,,,,,,,,,,,,,,,,,,,,,,,,
,,,,,,,,,,,,,,,,,,,,,,,,,
,,,,,,,,,,,,,,,,,,,,,,,,,
,,,,,,,,,,,,,,,,,,,,,,,,,
,,,,,,,,,,,,,,,,,,,,,,,,,
,,,,,,,,,,,,,,,,,,,,,,,,,
,,,,,,,,,,,,,,,,,,,,,,,,,
,,,,,,,,,,,,,,,,,,,,,,,,,
,,,,,,,,,,,,,,,,,,,,,,,,,
,,,,,,,,,,,,,,,,,,,,,,,,,
,,,,,,,,,,,,,,,,,,,,,,,,,
,,,,,,,,,,,,,,,,,,,,,,,,,
,,,,,,,,,,,,,,,,,,,,,,,,,
,,,,,,,,,,,,,,,,,,,,,,,,,
,,,,,,,,,,,,,,,,,,,,,,,,,
,,,,,,,,,,,,,,,,,,,,,,,,,
,,,,,,,,,,,,,,,,,,,,,,,,,
,,,,,,,,,,,,,,,,,,,,,,,,,
,,,,,,,,,,,,,,,,,,,,,,,,,
,,,,,,,,,,,,,,,,,,,,,,,,,
,,,,,,,,,,,,,,,,,,,,,,,,,
,,,,,,,,,,,,,,,,,,,,,,,,,
,,,,,,,,,,,,,,,,,,,,,,,,,
,,,,,,,,,,,,,,,,,,,,,,,,,
,,,,,,,,,,,,,,,,,,,,,,,,,
,,,,,,,,,,,,,,,,,,,,,,,,,
,,,,,,,,,,,,,,,,,,,,,,,,,
,,,,,,,,,,,,,,,,,,,,,,,,,
,,,,,,,,,,,,,,,,,,,,,,,,,
,,,,,,,,,,,,,,,,,,,,,,,,,
,,,,,,,,,,,,,,,,,,,,,,,,,
,,,,,,,,,,,,,,,,,,,,,,,,,
,,,,,,,,,,,,,,,,,,,,,,,,,
,,,,,,,,,,,,,,,,,,,,,,,,,
,,,,,,,,,,,,,,,,,,,,,,,,,
,,,,,,,,,,,,,,,,,,,,,,,,,
,,,,,,,,,,,,,,,,,,,,,,,,,
,,,,,,,,,,,,,,,,,,,,,,,,,
,,,,,,,,,,,,,,,,,,,,,,,,,
,,,,,,,,,,,,,,,,,,,,,,,,,
,,,,,,,,,,,,,,,,,,,,,,,,,
,,,,,,,,,,,,,,,,,,,,,,,,,
,,,,,,,,,,,,,,,,,,,,,,,,,
,,,,,,,,,,,,,,,,,,,,,,,,,
,,,,,,,,,,,,,,,,,,,,,,,,,
,,,,,,,,,,,,,,,,,,,,,,,,,
,,,,,,,,,,,,,,,,,,,,,,,,,
,,,,,,,,,,,,,,,,,,,,,,,,,
,,,,,,,,,,,,,,,,,,,,,,,,,
,,,,,,,,,,,,,,,,,,,,,,,,,
,,,,,,,,,,,,,,,,,,,,,,,,,
,,,,,,,,,,,,,,,,,,,,,,,,,
,,,,,,,,,,,,,,,,,,,,,,,,,
,,,,,,,,,,,,,,,,,,,,,,,,,
,,,,,,,,,,,,,,,,,,,,,,,,,
,,,,,,,,,,,,,,,,,,,,,,,,,
,,,,,,,,,,,,,,,,,,,,,,,,,
,,,,,,,,,,,,,,,,,,,,,,,,,
,,,,,,,,,,,,,,,,,,,,,,,,,
,,,,,,,,,,,,,,,,,,,,,,,,,
,,,,,,,,,,,,,,,,,,,,,,,,,
,,,,,,,,,,,,,,,,,,,,,,,,,
,,,,,,,,,,,,,,,,,,,,,,,,,
,,,,,,,,,,,,,,,,,,,,,,,,,
,,,,,,,,,,,,,,,,,,,,,,,,,
,,,,,,,,,,,,,,,,,,,,,,,,,
,,,,,,,,,,,,,,,,,,,,,,,,,
,,,,,,,,,,,,,,,,,,,,,,,,,
,,,,,,,,,,,,,,,,,,,,,,,,,
,,,,,,,,,,,,,,,,,,,,,,,,,
,,,,,,,,,,,,,,,,,,,,,,,,,
,,,,,,,,,,,,,,,,,,,,,,,,,
,,,,,,,,,,,,,,,,,,,,,,,,,
,,,,,,,,,,,,,,,,,,,,,,,,,
,,,,,,,,,,,,,,,,,,,,,,,,,
,,,,,,,,,,,,,,,,,,,,,,,,,
,,,,,,,,,,,,,,,,,,,,,,,,,
,,,,,,,,,,,,,,,,,,,,,,,,,
,,,,,,,,,,,,,,,,,,,,,,,,,
,,,,,,,,,,,,,,,,,,,,,,,,,
,,,,,,,,,,,,,,,,,,,,,,,,,
,,,,,,,,,,,,,,,,,,,,,,,,,
,,,,,,,,,,,,,,,,,,,,,,,,,
,,,,,,,,,,,,,,,,,,,,,,,,,
,,,,,,,,,,,,,,,,,,,,,,,,,
,,,,,,,,,,,,,,,,,,,,,,,,,
,,,,,,,,,,,,,,,,,,,,,,,,,
,,,,,,,,,,,,,,,,,,,,,,,,,
,,,,,,,,,,,,,,,,,,,,,,,,,
,,,,,,,,,,,,,,,,,,,,,,,,,
,,,,,,,,,,,,,,,,,,,,,,,,,
,,,,,,,,,,,,,,,,,,,,,,,,,
,,,,,,,,,,,,,,,,,,,,,,,,,
,,,,,,,,,,,,,,,,,,,,,,,,,
,,,,,,,,,,,,,,,,,,,,,,,,,
,,,,,,,,,,,,,,,,,,,,,,,,,
,,,,,,,,,,,,,,,,,,,,,,,,,
,,,,,,,,,,,,,,,,,,,,,,,,,
,,,,,,,,,,,,,,,,,,,,,,,,,
,,,,,,,,,,,,,,,,,,,,,,,,,
,,,,,,,,,,,,,,,,,,,,,,,,,
,,,,,,,,,,,,,,,,,,,,,,,,,
,,,,,,,,,,,,,,,,,,,,,,,,,
,,,,,,,,,,,,,,,,,,,,,,,,,
,,,,,,,,,,,,,,,,,,,,,,,,,
,,,,,,,,,,,,,,,,,,,,,,,,,
,,,,,,,,,,,,,,,,,,,,,,,,,
,,,,,,,,,,,,,,,,,,,,,,,,,
,,,,,,,,,,,,,,,,,,,,,,,,,
,,,,,,,,,,,,,,,,,,,,,,,,,
,,,,,,,,,,,,,,,,,,,,,,,,,
,,,,,,,,,,,,,,,,,,,,,,,,,
,,,,,,,,,,,,,,,,,,,,,,,,,
,,,,,,,,,,,,,,,,,,,,,,,,,
,,,,,,,,,,,,,,,,,,,,,,,,,
,,,,,,,,,,,,,,,,,,,,,,,,,
,,,,,,,,,,,,,,,,,,,,,,,,,
,,,,,,,,,,,,,,,,,,,,,,,,,
,,,,,,,,,,,,,,,,,,,,,,,,,
,,,,,,,,,,,,,,,,,,,,,,,,,
,,,,,,,,,,,,,,,,,,,,,,,,,
,,,,,,,,,,,,,,,,,,,,,,,,,
,,,,,,,,,,,,,,,,,,,,,,,,,
,,,,,,,,,,,,,,,,,,,,,,,,,
,,,,,,,,,,,,,,,,,,,,,,,,,
,,,,,,,,,,,,,,,,,,,,,,,,,
,,,,,,,,,,,,,,,,,,,,,,,,,
,,,,,,,,,,,,,,,,,,,,,,,,,
,,,,,,,,,,,,,,,,,,,,,,,,,
,,,,,,,,,,,,,,,,,,,,,,,,,
,,,,,,,,,,,,,,,,,,,,,,,,,
,,,,,,,,,,,,,,,,,,,,,,,,,
,,,,,,,,,,,,,,,,,,,,,,,,,
,,,,,,,,,,,,,,,,,,,,,,,,,
,,,,,,,,,,,,,,,,,,,,,,,,,
,,,,,,,,,,,,,,,,,,,,,,,,,
,,,,,,,,,,,,,,,,,,,,,,,,,
,,,,,,,,,,,,,,,,,,,,,,,,,
,,,,,,,,,,,,,,,,,,,,,,,,,
,,,,,,,,,,,,,,,,,,,,,,,,,
,,,,,,,,,,,,,,,,,,,,,,,,,
,,,,,,,,,,,,,,,,,,,,,,,,,
,,,,,,,,,,,,,,,,,,,,,,,,,
,,,,,,,,,,,,,,,,,,,,,,,,,
,,,,,,,,,,,,,,,,,,,,,,,,,
,,,,,,,,,,,,,,,,,,,,,,,,,
,,,,,,,,,,,,,,,,,,,,,,,,,
,,,,,,,,,,,,,,,,,,,,,,,,,
,,,,,,,,,,,,,,,,,,,,,,,,,
,,,,,,,,,,,,,,,,,,,,,,,,,
,,,,,,,,,,,,,,,,,,,,,,,,,
,,,,,,,,,,,,,,,,,,,,,,,,,
,,,,,,,,,,,,,,,,,,,,,,,,,
,,,,,,,,,,,,,,,,,,,,,,,,,
,,,,,,,,,,,,,,,,,,,,,,,,,
,,,,,,,,,,,,,,,,,,,,,,,,,
,,,,,,,,,,,,,,,,,,,,,,,,,
,,,,,,,,,,,,,,,,,,,,,,,,,
,,,,,,,,,,,,,,,,,,,,,,,,,
,,,,,,,,,,,,,,,,,,,,,,,,,
,,,,,,,,,,,,,,,,,,,,,,,,,
,,,,,,,,,,,,,,,,,,,,,,,,,
,,,,,,,,,,,,,,,,,,,,,,,,,
,,,,,,,,,,,,,,,,,,,,,,,,,
,,,,,,,,,,,,,,,,,,,,,,,,,
,,,,,,,,,,,,,,,,,,,,,,,,,
,,,,,,,,,,,,,,,,,,,,,,,,,
,,,,,,,,,,,,,,,,,,,,,,,,,
,,,,,,,,,,,,,,,,,,,,,,,,,
,,,,,,,,,,,,,,,,,,,,,,,,,
,,,,,,,,,,,,,,,,,,,,,,,,,
,,,,,,,,,,,,,,,,,,,,,,,,,
,,,,,,,,,,,,,,,,,,,,,,,,,
,,,,,,,,,,,,,,,,,,,,,,,,,
,,,,,,,,,,,,,,,,,,,,,,,,,
,,,,,,,,,,,,,,,,,,,,,,,,,
,,,,,,,,,,,,,,,,,,,,,,,,,
,,,,,,,,,,,,,,,,,,,,,,,,,
,,,,,,,,,,,,,,,,,,,,,,,,,
,,,,,,,,,,,,,,,,,,,,,,,,,
,,,,,,,,,,,,,,,,,,,,,,,,,
,,,,,,,,,,,,,,,,,,,,,,,,,
,,,,,,,,,,,,,,,,,,,,,,,,,
,,,,,,,,,,,,,,,,,,,,,,,,,
,,,,,,,,,,,,,,,,,,,,,,,,,
,,,,,,,,,,,,,,,,,,,,,,,,,
,,,,,,,,,,,,,,,,,,,,,,,,,
,,,,,,,,,,,,,,,,,,,,,,,,,
,,,,,,,,,,,,,,,,,,,,,,,,,
,,,,,,,,,,,,,,,,,,,,,,,,,
,,,,,,,,,,,,,,,,,,,,,,,,,
,,,,,,,,,,,,,,,,,,,,,,,,,
,,,,,,,,,,,,,,,,,,,,,,,,,
,,,,,,,,,,,,,,,,,,,,,,,,,
