111007003210164001299C,1,"""Evolution:Good Science?"" Tour of the Netherlands with",2012-03-13,,,,,,Rest of Europe,,,,,,,,,UK,40823,,,,Company,,Tuesday 13-Sunday 18 March 2012,1 suspended-may reactivate
160428011180164001299C,2,African Creation speaker on UK Safari with,2017-09-05,,,,,,England,,,,,,,,,UK,42488,,,,Company,,Tuesday 5-Wednesday 13 September 2017,9 Dates Available
130909007360164001299C,3,Back to the beginning Tour of Scotland including Western Isles,2014-03-28,,,,,,Scotland,,,,,,,,,UK,41526,,,,Company,,Friday 28 March-Monday 7 April 2014,4 completed event/tour
130909007370164001299C,4,Back to the beginning Tour London Area,2014-04-29,,,,,,England,,,,,,,,,UK,41526,,,,Company,,Tuesday 29 April-Friday 2 May 2014,4 completed event/tour
130909007380164001299C,5,"Back to the beginning Tour of East of England Norfolk, Suffolk & Cambridgeshire",2014-06-05,,,,,,England,,,,,,,,,UK,41526,,,,Company,,Thursday 5-8 June 2014,4 completed event/tour
131218007750164001299C,6,Back to the beginning Tour of Romania,2014-04-01,,,,,,Rest of Europe,,,,,,,,,UK,41626,,,,Company,,Tuesday 1-Monday 7 April 2014,4 completed event/tour
130904007340164001299C,7,Back to the Beginning North of England,2014-02-06,,,,,,England,,,,,,,,,UK,41521,,,,Company,,Thursday 6-Sunday 9 February 2014,4 completed event/tour
130904007350164001299C,8,Back to the Beginning Tour of The South West,2014-02-27,,,,,,England,,,,,,,,,UK,41521,,,,Company,,Friday 28 February-Saturday 2 March 2014,4 completed event/tour
130909007390164001299C,9,Back to the Beginning Tour of Welsh Counties and Borders,2014-09-24,,,,,,Wales,,,,,,,,,UK,41526,,,,Company,,Wednesday 24-Sunday 28 September 2014,4 completed event/tour
130909007400164001299C,10,Back to the Beginning Tour of Central England,2014-10-09,,,,,,England,,,,,,,,,UK,41526,,,,Company,,Thursday 9-13 October 2014,4 completed event/tour
130909007410164001299C,11,Back to the Beginning Tour South East England,2014-11-13,,,,,,England,,,,,,,,,UK,41526,,,,Company,,Thursday 13-Sunday 17 November 2014,4 completed event/tour
130909007420164001299C,12,Back to the Beginning Tour Northern Ireland,2014-11-20,,,,,,Northern Ireland,,,,,,,,,UK,41526,,,,Company,,Thursday 20-Thursday 27 November 2014,4 completed event/tour
130923007460164001299C,13,Back to the Beginning Tour of The Southern Counties,2014-06-18,,,,,,England,,,,,,,,,UK,41540,,,,Company,,Wednesday 18-Sunday 22 June 2014,4 completed event/tour
130923007470164001299C,14,Back to the Beginning Tour of East/West Midlands,2014-10-09,,,,,,England,,,,,,,,,UK,41540,,,,Company,,Thursday 9-Monday 13 october 2014,4 completed event/tour
131218007740164001299C,15,"Back to the Beginning Tour of France, Luxembourg & The Netherlands",2014-03-21,,,,,,Rest of Europe,,,,,,,,,UK,41626,,,,Company,,Friday 14 -Monday 24 March 2014,4 completed event/tour
131218007760164001299C,16,Back to the Beginning Tour of Spain & Gibraltor,2014-10-28,,,,,,Rest of Europe,,,,,,,,,UK,41626,,,,Company,,Friday 31 October-Friday 7 November 2014,4 completed event/tour
140310008200164001299C,17,Back to the Beginning Tour Italy/France,2014-10-22,,,,,,Rest of Europe,,,,,,,,,UK,41708,,,,Company,,Wednesday 22 October-Sunday 2 November 2014,4 completed event/tour
140416008310164001299C,18,Back to the Beginning Tour Scotland & Borders (Additional dates added),2014-10-15,,,,,,Scotland,,,,,,,,,UK,41745,,,,Company,,Wednesday 15-Sunday 19 October 2014,4 completed event/tour
110516001790164001299C,19,Battle for the Bible ministry tour of Spain with,2011-11-05,,,,,Spain,Rest of Europe,,,cschanda77@mac.com,,,,,,UK,40679,,,,Company,,Monday 31 October-Sunday 6 November 2011,4 completed event/tour
111121003470164001299C,20,Carrying the Creation Torch Conferences,2012-05-19,,,,,,England,,,,,,0845 6800 264,,,UK,40868,,,,Company,,Various Saturdays between May19-October 20 2012,4 completed event/tour
110516000430164001299C,21,Caveman in Romania Tour with,#N/A,,,,,,Rest of Europe,,,,,,,,,UK,40170,,,,Company,,Wednesday 12-Saturday 22 May 2010,4 completed event/tour
120203004050164001299C,22,Caveman in the Land of Darwin UK tour with,#N/A,,,,,,England,,,,,,,,,UK,40942,,,,Company,,Friday 30 April-Friday 7 May 2010,4 completed event/tour
110516000420164001299C,23,Caveman in The Netherlands tour with,#N/A,,,,,,Rest of Europe,,,,,,,,,UK,40170,,,,Company,,Saturday 8-Sunday 9 May 2010,4 completed event/tour
150821010350164001299C,24,Christianity for Skeptics Tour with,2016-09-09,,,,,,England,,,,,,,,,UK,42237,,,,Company,,Friday 9-Sunday 18 September 2016,4 completed event/tour
120307005380164001299C,25,Cosmic Accident or Divine Design? with,2012-06-27,,,,,,England,,,,,,,,,UK,40975,,,,Company,,Wednesday 27-Sunday 8 July 2012,1 follow-up opportunity
120307005390164001299C,26,Cosmic Accident or Divine Design? in the Netherlands with,2012-07-03,,,,,,Rest of Europe,,,,,,,,,UK,40975,,,,Company,,Wedsnesday 4 - Sunday 8 July 2012,1 suspended-may reactivate
110523002270164001299C,27,Creation and Truth tour with,2011-10-08,,,,,,Northern Ireland,,,,,,,,,UK,40686,,,,Company,,Tuesday 4-Sunday 9 October 2011,1 follow-up opportunity
170523251623252570001C,28,Creation Events with,2018-01-24,,,,,,,,,,,,0116 2848999,,,,42878,,,,Company,,Wednesday 24 - Sunday 28 January 2018,9 Dates Available
131212007650164001299C,29,Creation Magazine Live Tour,2014-05-10,,,,,,England,,,,,,,,,UK,41620,,,,Company,,Saturday 10 - Monday 19 May 2014,4 completed event/tour
150625010260164001299C,30,Creation Ministry Tour in Rome with,#N/A,,,,,,England,,,,,,,,,UK,42180,,,,Company,,Friday 28 October 2016,4 completed event/tour
150828010380164001299C,31,Creation Ministry Tour South West England with,2016-01-13,,,,,,England,,,,,,,,,,42244,,,,Company,,Wednesday 13-Monday 18 January 2016,4 completed event/tour
150828010400164001299C,32,Creation Ministry Tour East of England with,2016-02-04,,,,,,England,,,,,,,,,,42244,,,,Company,,Thursday 4-Sunday 7 February 2016,4 completed event/tour
150910010430164001299C,33,Creation Ministry Tour of Wales with,2017-01-18,,,,,,Wales,,,,,,,,,UK,42257,,,,Company,,Wednesday 18 - Sunday 22 January 2017,4 completed event/tour
150922010460164001299C,34,Creation Ministry Tour of Central England with,2017-09-20,,,,,,England,,,,,,,,,UK,42269,,,,Company,,Wednesday 20-Sunday 24 September 2017,9 Dates Available
150922010470164001299C,35,Creation Ministry Tour of Northern England,#N/A,,,,,,England,,,,,,,,,UK,42269,,,,Company,,Thursday 10-Sunday 13 March 2016,1 suspended-may reactivate
150922010480164001299C,36,Creation Ministry Tour of NW England and Wales,2016-04-06,,,,,,England,,,,,,,,,UK,42269,,,,Company,,Wednesday 6-Sunday 10 April 2016,4 completed event/tour
150922010490164001299C,37,Creation Ministry Tour of London and South East with,2017-03-01,,,,,,England,,,,,,,,,UK,42269,,,,Company,,Wednesday 1- Sunday 5 March,4 completed event/tour
150922010500164001299C,38,Creation Ministry Tour of Southern Ireland with,2016-05-19,,,,,,Republic of Ireland,,,,,,,,,,42269,,,,Company,,Thursday 19-Thursday 26 May 2016,4 completed event/tour
150922010510164001299C,39,Creation Ministry Tour of South East England with,2017-06-08,,,,,,England,,,,,,,,,UK,42269,,,,Company,,Tuesday 6 -Sunday 10 June 2017,9 Dates Available
150922010520164001299C,40,Creation Ministry Tour of Southern England with,2016-07-13,,,,,,England,,,,,,,,,UK,42269,,,,Company,,Sunday 4 - Wednesday 7 December 2016,4 completed event/tour
150922010530164001299C,41,Creation Ministry Tour Southern Counties with,2016-09-01,,,,,,England,,,,,,,,,UK,42269,,,,Company,,Thursday 1-Sunday 4 September 2016,4 completed event/tour
150922010540164001299C,42,Creation Ministry Tour of Scotland/Cumbria with,2016-11-21,,,,,,Scotland,,,,,,,,,UK,42269,,,,Company,,Monday 21-Sunday 29 November 2016,4 completed event/tour
150922010550164001299C,43,Creation Ministry Tour Wales & Borders,2016-11-09,,,,,,Wales,,,,,,,,,UK,42269,,,,Company,,Wednesday 9-Sunday 13 November 2016,4 completed event/tour
150922010560164001299C,44,Creation Ministry Tour Northern England with,2016-10-06,,,,,,England,,,,,,,,,UK,42269,,,,Company,,Thursday 6-Sunday 10 October 2016,4 completed event/tour
160831011500164001299C,45,Creation Ministry Tour of Scotland 2017,2017-03-28,,,,,,Scotland,,,,,,,,,UK,42613,,,,Company,,Tuesday 28 March Sunday 2 April 2017,9 Dates Available
160913011530164001299C,46,"Creation Ministry Tour of Somerset, Dorset and Devon",2017-02-01,,,,,,England,,,,,,,,,UK,42626,,,,Company,,Wednesday 1 - Sunday 5 February 2017,4 completed event/tour
160922011610164001299C,47,Creation Ministry Tour Northern England with,2017-10-18,,,,,,England,,,,,,,,,,42635,,,,Company,,Wednesday 18- Sunday 22 October 2017,4 completed event/tour
161103011800164001299C,48,Creation Ministry Tour of Wales,2017-09-27,,,,,,Wales,,,,,,,,,UK,42677,,,,Company,,Wednesday 27 September - Sunday 1 October 2017,9 Dates Available
170125251443108680001C,49,Creation Ministry Tour of North & Central England with,2017-06-21,,,,,,England,,,,,,,,,UK,42760,,,,Company,,Wednesday 21-Sunday 25 June 2017,9 Dates Available
170131251539191610003C,50,Creation Ministry Tour of London Area with,2017-10-11,,,,,,,,Karen Johnson,,Co-ordination,Ministry,,,,,42766,,,,Company,,Wednesday 11-Sunday 15 October 2017,9 Dates Available
170202251030242450001C,51,Creation Ministry Tour of North England with,2017-10-17,,,,,,,,,,,,0116 2848999,,,,42768,,,,Company,,Tuesday 17-Sunday 22 october 2017,9 Dates Available
160729011390164001299C,52,Creation Minstry in Northern England with,2017-04-25,,,,,,England,,,,,,,,,,42580,,,,Company,,Tuesday 25 - Sunday 30 April 2017,4 completed event/tour
170126251052216980012C,53,Creation Minstry tour of Southern England with,2017-11-01,,,,,,England,,,,,,,,,UK,42761,,,,Company,,Wednesday 1 -Sunday 5 November 2017,9 Dates Available
120203004750164001299C,54,Creation Not Confusion ministry tour with,#N/A,,,,,,England,,,,,,,,,UK,40942,,,,Company,,"Saturday 14 May-Wednesday 18 May, 2011",4 completed event/tour
110516001020164001299C,55,Creation tour in Austria with,#N/A,,,,,,Rest of Europe,,,,,,,,,UK,40336,,,,Company,,Thursday 4-Monday 8 November 2010,1 follow-up opportunity
110516000810164001299C,56,Deluge of Evidence ministry tour with,2011-04-11,,,,,,Scotland,,,,,,,,,UK,40563,,,,Company,,April 2011,4 completed event/tour
161031011720164001299C,57,Dinosaur Roadshow-Pre Historic Preacher Southern England,2017-03-13,,,,,,England,,,,,,,,,UK,42674,,,,Company,,Monday 13-Saturday 18 March 2017,4 completed event/tour
161031011730164001299C,58,Dinosaur Roadshow-Pre-Historic Preachers Northern Ireland,2017-05-09,,,,,,Northern Ireland,,,,,,,,,UK,42674,,,,Company,,Tuesday 9-Saturday 13 May 2017,4 completed event/tour
161031011740164001299C,59,Dinosaur Roadshow-Pre-Historic Preachers Republic of Ireland,2017-05-15,,,,,,Republic of Ireland,,,,,,,,,UK,42674,,,,Company,,Monday 15-Thursday 18 May 2017,9 Dates Available
161031011750164001299C,60,Dinosaur Roadshow-Pre-Historic Preachers Northern England,2017-11-15,,,,,,England,,,,,,,,,UK,42674,,,,Company,,Wednesday 15- Saturday 18 November 2017,9 Dates Available
170412250959487190001C,61,Dinosaur Roadshow-Pre Historic Preachers Central England,2017-11-22,,,,,,,,,,,,,,,,42837,,,,Company,,Wednesday 22 - Saturday 25 November 2017,9 Dates Available
111216003630164001299C,62,'Evolution Myth-busting tour' with David Catchpoole,2012-05-18,,,,,,England,,,,,,0845 6800 264,,,UK,40893,,,,Company,,Friday 18 May - Sunday 27 May 2012,1 follow-up opportunity
110516000410164001299C,63,Evolution: Good Science? tour in Bulgaria with,#N/A,,,,,,Rest of Europe,,,,,,,,,UK,40679,,,,Company,,Monday 28 March-Saturday 2 April 2011,4 completed event/tour
140520008550164001299C,64,Evolution's Achilles Heels  Tour with,2015-09-10,,,,,,England,,,,,,,,,UK,41779,,,,Company,,Friday 11-Sunday 20 September 2015,4 completed event/tour
110621002640164001299C,65,"Live Seed Christian Centre, Ph: 00356 27472749",2011-09-21,,,"310 Triq L-Imdina, Qormi",,Malta,Rest of Europe,,,,,,,,,UK,40715,,,QRM 9014,Company,,Wednesday 21-Sunday 25 September 2011,4 completed event/tour
110621002670164001299C,66,Malta 'Battle for the Bible' Tour with,2011-09-21,,,,,,Rest of Europe,,,,,,,,,UK,40715,,,,Company,,Wednesday 21-Sunday 25 September 2011,9 Dates Available
120113003760164001299C,67,Ministry in Slovakia,2012-08-31,,,,,,Rest of Europe,,,,,,,,,UK,40921,,,,Company,,Friday 31 August-Sunday 2 September 2012,1 follow-up opportunity
130624007070164001299C,68,Ministry Tour In Austria,#N/A,,,,,,Rest of Europe,,,,,,,,,UK,41449,,,,Company,,Friday 11-Monday 13 October 2013,4 completed event/tour
130723007210164001299C,69,Ministry Tour in Malta,2013-11-24,,,,,,Rest of Europe,,,,,,,,,UK,41478,,,,Company,,Thursday 14-Sunday 24 November 2013,4 completed event/tour
111006003140164001299C,70,Netherlands Ministry  with,2012-02-02,,,,,,Rest of Europe,,,,,,,,,UK,40822,,,,Company,,Wednesday 1-Thursday 2 February 2012,1 follow-up opportunity
110516000660164001299C,71,"Northern Ireland 'Good Science' tour, Ph: 0845 6800 264, with",#N/A,,,,,,Northern Ireland,,,,,,,,,UK,40679,,,,Company,,Wednesday 24-Sunday 28 November 2010,4 completed event/tour
140508008410164001299C,72,Proclaiming Creation-In a Scientific Age South of England Tour,2015-02-11,,,,,,England,,,,,,,,,UK,41767,,,,Company,,Wednesday 11-Sunday 15 February 2015,4 completed event/tour
140520008570164001299C,73,Proclaiming Creation-In a Scientific Age Tour of London Area,2015-01-23,,,,,,England,,,,,,,,,UK,41779,,,,Company,,Friday 23 -Sunday 25 January 2015,4 completed event/tour
140521008590164001299C,74,Proclaiming Creation-In a Scientific Age Tour East of England,2015-02-27,,,,,,England,,,,,,,,,UK,41780,,,,Company,,Friday 27  February-Wednesday 4 March 2015,4 completed event/tour
140523008640164001299C,75,Proclaiming Creation-In a Scientific Age Tour South West of England,2015-03-26,,,,,,England,,,,,,,,,UK,41782,,,,Company,,Thursday 26-Saturday 28 March 2015,4 completed event/tour
140603008720164001299C,76,Proclaiming Creation-In a Scientific Age Tour of the North of England,2015-04-22,,,,,,England,,,,,,,,,UK,41793,,,,Company,,Wednesday 22 - Sunday 26 April 2015,4 completed event/tour
140613008750164001299C,77,Proclaiming Creation-In a Scientific Age Tour of Surrey and Essex Area,2015-07-02,,,,,,England,,,,,,,,,UK,41803,,,,Company,,Thursday 2-Sunday 5 July 2015,4 completed event/tour
140619008780164001299C,78,Proclaiming Creation-In a Scientific Age Tour of Southern England,2015-06-03,,,,,,England,,,,,,,,,UK,41809,,,,Company,,Wednesday 3-Saturday 6 June 2015,4 completed event/tour
140716008970164001299C,79,Proclaiming Creation-In a Scientific Age Tour Republic of Ireland & N/Ireland,2015-05-13,,,,,,Northern Ireland,,,,,,,,,UK,41836,,,,Company,,Wednesday 13-Sunday 20 May 2015,4 completed event/tour
141020009230164001299C,80,Proclaiming Creation-In a Scientific Age London & South Tour,2015-11-11,,,,,,England,,,,,,,,,UK,41932,,,,Company,,Wednesday 11-Sunday 15 November 2015,4 completed event/tour
141031009270164001299C,81,Proclaiming Creation-In a scientific Age Central England Tour,2015-12-02,,,,,,England,,,,,,,,,,41943,,,,Company,,Wednesday 2-Sunday 6 December 2015,4 completed event/tour
141120009310164001299C,82,Proclaiming Creation-In a Scientific Age Tour South East England,2015-10-09,,,,,,England,,,,,,,,,,41963,,,,Company,,Friday 9-Tuesday 13 October 2015,4 completed event/tour
141208009370164001299C,83,Proclaiming Creation-In a Scientific Age Tour of Wales & Borders,2015-06-24,,,,,,Wales,,,,,,,,,UK,41981,,,,Company,,Wednesday 24-Sunday 28 June 2015,4 completed event/tour
141208009380164001299C,84,Proclaiming Creation-In a Scientific Age Tour of North of England,2015-11-26,,,,,,England,,,,,,,,,UK,41981,,,,Company,,Thursday 26-Sunday 29 November 2015,4 completed event/tour
141224009410164001299C,85,Proclaiming Creation-In a Scientific Age Tour Northern Ireland,2015-11-03,,,,,,Northern Ireland,,,,,,,,,UK,41997,,,,Company,,Tuesday 3 November-Saturday 6 November 2015,4 completed event/tour
150109009420164001299C,86,Proclaiming Creation-In a Sientific Age Tour of Switzerland and France,2015-03-08,,,,,,Rest of Europe,,,,,,,,,UK,42013,,,,Company,,Sunday 8 -Monday 16 March 2015,4 completed event/tour
150130009640164001299C,87,Proclaiming Creation-In a scientific Age Tour of Scotland,2015-09-24,,,,,,Scotland,,,,,,,,,UK,42034,,,,Company,,Thursday 24-Tuesday 29 September 2015,4 completed event/tour
150610010160164001299C,88,Proclaiming Creation Ministry Tour of Malta,2015-10-16,,,,,,Rest of Europe,,,,,,,,,UK,42165,,,,Company,,Friday 16-Sunday 25 October 2015,4 completed event/tour
150625010220164001299C,89,Proclaiming Creation -In a Scientific Age Tour of Italy,2016-10-21,,,,,,Rest of Europe,,,,,,,,,UK,42180,,,,Company,,Thursday 21 October - Tuesday 1 November 2016,4 completed event/tour
150625010230164001299C,90,Proclaiming Creation in Milan,#N/A,,,,,,Rest of Europe,,,,,,,,,UK,42180,,,,Company,,Thursday 21 - Friday 22 October 2016,4 completed event/tour
150629010290164001299C,91,Proclaiming Creation-In a Scientific Age Tour of Malta,2015-10-16,,,,,,Rest of Europe,,,,,,,,,UK,42184,,,,Company,,Tuesday 16-Sunday 25 October 2015,1 suspended-may reactivate
160421011160164001299C,92,Proclaiming Creation Tour in Italy,2016-10-28,,,,,,Rest of Europe,,,,,,,,,UK,42481,,,,Company,,Thursday 20 October 2016-Tuesday 1 November 2016,4 completed event/tour
120719005800164001299C,93,Regional Mini Tour with,2013-01-17,,,,,,England,,,,,,0845 6800 264,,,UK,41109,,,,Company,,Thursday 21-Sunday 24 March 2013,4 completed event/tour
121029006040164001299C,94,Regional Mini Tour with,#N/A,,,,,,England,,,,,,,,,UK,41211,,,,Company,,Thursday 17-Sunday 20 January 2013,4 completed event/tour
121102006080164001299C,95,Regional Mini Tour with,2013-02-01,,,,,,Wales,,,,,,,,,UK,41215,,,,Company,,Friday 1 February - Sunday 3 February 2013 West Midlands and Shropshire,1 suspended-may reactivate
110516001260164001299C,96,Science & the Bible Battle for the Mind tour with,#N/A,,,,,,Scotland,,,,,,,,,UK,40679,,,,Company,,Tuesday 1 March-Monday 7 March 2011,4 completed event/tour
110516001320164001299C,97,Science & the Bible Battle for the Mind Tour with,#N/A,,,,,Cyprus,Rest of Europe,,,,,,,,,UK,40679,,,,Company,,Friday 11 February-Tuesday 15 February 2011,4 completed event/tour
110617002590164001299C,98,Spain 'Battle for the Bible' Tour with,2011-11-01,,,,,Spain,Rest of Europe,,,,,,,,,UK,40711,,,,Company,,Tuesday 1-Monday 7 November 2011,4 completed event/tour
120203004180164001299C,99,Speaking Tour of The Netherlands  www.scheppingofevolutie.nl/  with,#N/A,,,,,,Rest of Europe,,,,,,,,,UK,40942,,,,Company,,Friday 4-Wednesday 9 June 2010,4 completed event/tour
120203004780164001299C,100,The 'Ark Man' tour,2016-04-16,,,,,,England,,,,,,,,,UK,40942,,,,Company,,Saturday 16 April-Thursday 28 April 2016,4 completed event/tour
160201010880164001299C,101,The 'Ark Man' Tour,2016-06-18,,,,,,England,,,,,,,,,UK,42401,,,,Company,,Sunday 18 June-Thursday 30 June 2016,4 completed event/tour
121116006230164001299C,102,The Credibility of Creation Ministry Tour with,2013-04-18,,,,,,England,,,,,,0-845-680-0264,,,UK,41229,,,,Company,,Thursday 18-Sunday 28 April 2013,4 completed event/tour
130402006730164001299C,103,The Ice Man Tour with,2013-09-10,,,,,,England,,,,,,,,,UK,41366,,,,Company,,Tuesday 10 - Saturday 14 September 2013,1 suspended-may reactivate
131217007690164001299C,104,The Rock Man Tour with,2014-09-16,,,,,,England,,,,,,,,,UK,41625,,,,Company,,Tuesday 16 -Monday 22 September 2014,1 cold call opportunity
131217007710164001299C,105,The Rock Man Tour with,2014-09-11,,,,,,Northern Ireland,,,,,,,,,UK,41625,,,,Company,,Thursday 11-Sunday 14 September 2014,1 cold call opportunity
110516000090164001299C,106,"The Voyage That Shook The World public screenings, England Ph: 0845 6800 264",#N/A,,,,,,England,,,,,,,,,UK,40679,,,,Company,,2010,1 follow-up opportunity
110516000310164001299C,107,"The Voyage That Shook The World public screenings, Scotland. Ph: 0845 6800 264",#N/A,,,,,,Scotland,,,,,,,,,UK,40679,,,,Company,,2010,1 follow-up opportunity
110516000320164001299C,108,"The Voyage That Shook The World public screenings, Wales. Ph: 0845 6800 264",#N/A,,,,,,Wales,,,,,,,,,UK,40679,,,,Company,,2010,1 follow-up opportunity
110516000340164001299C,109,"The Voyage That Shook The World public screenings, NI. Ph: 0845 6800 264",#N/A,,,,,,Northern Ireland,,,,,,,,,UK,40679,,,,Company,,2010,1 follow-up opportunity
110516000370164001299C,110,"The Voyage That Shook The World public screenings, R of Ire. Ph: 0845 6800 264",#N/A,,,,,,Republic of Ireland,,,,,,,,,UK,40679,,,,Company,,2010,1 follow-up opportunity
110516000390164001299C,111,"The Voyage That Shook The World public screenings, Europe. Ph: 0845 6800 264",#N/A,,,,,,Rest of Europe,,,,,,,,,UK,40679,,,,Company,,2010,1 follow-up opportunity
120203004090164001299C,112,"The Voyage That Shook The World public screenings, Scotland. Ph: 0845 6800 264",#N/A,,,,,,Scotland,,,,,,,,,UK,40942,,,,Company,,2010,1 follow-up opportunity
120203004100164001299C,113,"The Voyage That Shook The World public screenings, Wales. Ph: 0845 6800 264",#N/A,,,,,,Wales,,,,,,,,,UK,40942,,,,Company,,2010,1 follow-up opportunity
120203004120164001299C,114,"The Voyage That Shook The World public screenings, NI. Ph: 0845 6800 264",#N/A,,,,,,Northern Ireland,,,,,,,,,UK,40942,,,,Company,,2010,1 follow-up opportunity
120203004150164001299C,115,"The Voyage That Shook The World public screenings, R of Ire. Ph: 0845 6800 264",#N/A,,,,,,Republic of Ireland,,,,,,,,,UK,40942,,,,Company,,2010,1 follow-up opportunity
120203004160164001299C,116,"The Voyage That Shook The World public screenings, Europe. Ph: 0845 6800 264",#N/A,,,,,,Rest of Europe,,,,,,,,,UK,40942,,,,Company,,2010,1 follow-up opportunity
120203005110164001299C,117,"Unmasking Fables, Promoting Truth� Malta ministry with",#N/A,,,,,Malta,Rest of Europe,,,,,,,,,UK,40942,,,,Company,,Wednesday 21-Sunday 25 September 2011,9 Dates Available
130626007110164001299C,118,Weekend Ministry Austria ph:0845 6800 264,2013-10-11,,,,,,Rest of Europe,,,,,,,,,UK,41451,,,,Company,,Friday 11- Monday 13 October 2013,4 completed event/tour
110824003010164001299C,119,Welsh Borders tour with,2012-03-08,,,,,,Wales,,,,,,,,,UK,40779,,,,Company,,Thursday 8-Thursday 15 March 2012,1 follow-up opportunity
